{
  "f0_mean": 150.0997963455287,
  "f0_std": 66.79469039722949,
  "f0_median": 122.45714247108438,
  "f0_mad": 22.053151610754064,
  "f0_cv": 0.445001872244174,
  "f0_min": 74.94466936441283,
  "f0_max": 499.98878833983315,
  "f0_range": 425.0441189754203,
  "f0_p05": 91.57452357813183,
  "f0_p25": 106.26498667423144,
  "f0_p75": 181.9812909846337,
  "f0_p95": 277.19246345624464,
  "f0_iqr": 75.71630431040225,
  "f0_skewness": 1.9577997717709905,
  "f0_kurtosis": 4.603032699509535,
  "voiced_fraction": 0.4532459610658952,
  "jitter_local": 0.02645715949332667,
  "jitter_ddp": 0.03356287515079122,
  "shimmer_local": 0.12855929184153006,
  "shimmer_apq3": 0.05242866693559785,
  "hnr_mean": 11.400064538631302,
  "hnr_std": 6.089144974346344,
  "hnr_p05": 1.851647487666225,
  "speech_rate": 0.7000021784878679,
  "pause_frequency": 0.48153295834295495,
  "pause_duration_mean": 0.5418168657256605,
  "pause_duration_std": 0.6118449814593344,
  "pause_duration_cv": 1.12924683627167,
  "speaking_time_ratio": 0.7000021784878679,
  "spectral_centroid_mean": 1202.489228436093,
  "spectral_centroid_std": 630.1341635248314,
  "spectral_centroid_cv": 0.5240247884335375,
  "spectral_rolloff_mean": 2122.8041172005983,
  "spectral_rolloff_std": 1429.3330682467486,
  "spectral_bandwidth_mean": 1187.5196022714288,
  "spectral_bandwidth_std": 531.0346075935859,
  "mfcc0_mean": -336.89154052734375,
  "mfcc1_mean": 91.16788482666016,
  "mfcc2_mean": -0.7977194786071777,
  "mfcc3_mean": 7.726589202880859,
  "mfcc4_mean": -4.319965362548828,
  "mfcc5_mean": -17.762693405151367,
  "mfcc6_mean": -21.49561882019043,
  "mfcc7_mean": -13.459396362304688,
  "mfcc8_mean": -11.050965309143066,
  "mfcc9_mean": -9.547525405883789,
  "mfcc10_mean": -7.46367073059082,
  "mfcc11_mean": -7.35985803604126,
  "mfcc12_mean": -7.819261074066162,
  "mfcc0_std": 137.4609832763672,
  "mfcc1_std": 62.37643051147461,
  "mfcc2_std": 31.830821990966797,
  "mfcc3_std": 30.188350677490234,
  "mfcc4_std": 23.422107696533203,
  "mfcc5_std": 19.78571891784668,
  "mfcc6_std": 19.91389274597168,
  "mfcc7_std": 15.347332000732422,
  "mfcc8_std": 14.134232521057129,
  "mfcc9_std": 13.974961280822754,
  "mfcc10_std": 10.637106895446777,
  "mfcc11_std": 9.738309860229492,
  "mfcc12_std": 9.55588150024414,
  "smile_f0final_sma_amean": 162.0099639892578,
  "smile_f0final_sma_flatness": 0.9180613160133362,
  "smile_f0final_sma_posamean": 162.0099639892578,
  "smile_f0final_sma_rqmean": 180.22457885742188,
  "smile_f0final_sma_range": 567.5402221679688,
  "smile_f0final_sma_maxpos": 0.9082837104797363,
  "smile_f0final_sma_minpos": 0.5841285586357117,
  "smile_f0final_sma_linregc1": -3.1812530210117984e-07,
  "smile_f0final_sma_linregc2": 0.23629091680049896,
  "smile_f0final_sma_linregerrq": 0.018738994374871254,
  "smile_f0final_sma_qregc1": -6.291058711298259e-13,
  "smile_f0final_sma_qregc2": -1.4836609807389323e-07,
  "smile_f0final_sma_qregc3": 0.22865624725818634,
  "smile_f0final_sma_qregerrq": 0.018727336078882217,
  "smile_f0final_sma_centroid": 0.4749380052089691,
  "smile_f0final_sma_quartile1": 109.828125,
  "smile_f0final_sma_quartile2": 130.7248077392578,
  "smile_f0final_sma_quartile3": 197.26123046875,
  "smile_f0final_sma_iqr1-2": 20.896682739257812,
  "smile_f0final_sma_iqr2-3": 66.53642272949219,
  "smile_f0final_sma_iqr1-3": 87.43310546875,
  "smile_f0final_sma_percentile1.0": 86.39204406738281,
  "smile_f0final_sma_percentile99.0": 523.3446655273438,
  "smile_f0final_sma_pctlrange0-1": 436.95263671875,
  "smile_f0final_sma_stddev": 78.95358276367188,
  "smile_f0final_sma_skewness": 2.4273321628570557,
  "smile_f0final_sma_kurtosis": 11.109617233276367,
  "smile_f0final_sma_upleveltime25": 0.2624303698539734,
  "smile_f0final_sma_upleveltime50": 0.035528067499399185,
  "smile_f0final_sma_upleveltime75": 0.014008145779371262,
  "smile_f0final_sma_upleveltime90": 0.005480964668095112,
  "smile_f0final_sma_risetime": 0.36502841114997864,
  "smile_f0final_sma_leftctime": 0.4969519078731537,
  "smile_f0final_sma_lpgain": 1709.5362548828125,
  "smile_f0final_sma_lpc0": -0.977981686592102,
  "smile_f0final_sma_lpc1": 0.031303517520427704,
  "smile_f0final_sma_lpc2": 0.09900401532649994,
  "smile_f0final_sma_lpc3": -0.037127405405044556,
  "smile_f0final_sma_lpc4": -0.09370844066143036,
  "smile_f0final_sma_de_amean": -1.5982674312908784e-06,
  "smile_f0final_sma_de_flatness": 0.10882190614938736,
  "smile_f0final_sma_de_posamean": 3.902291791746393e-05,
  "smile_f0final_sma_de_rqmean": 0.0002555015671532601,
  "smile_f0final_sma_de_range": 0.05792246013879776,
  "smile_f0final_sma_de_maxpos": 0.004821969196200371,
  "smile_f0final_sma_de_minpos": 0.0,
  "smile_f0final_sma_de_linregc1": 4.287855903672977e-10,
  "smile_f0final_sma_de_linregc2": 0.6579381227493286,
  "smile_f0final_sma_de_linregerrq": 1.9456123482086696e-05,
  "smile_f0final_sma_de_qregc1": -6.466260954284117e-15,
  "smile_f0final_sma_de_qregc2": 1.985680064819917e-09,
  "smile_f0final_sma_de_qregc3": 0.6578755974769592,
  "smile_f0final_sma_de_qregerrq": 1.945534131664317e-05,
  "smile_f0final_sma_de_centroid": 0.14718739688396454,
  "smile_f0final_sma_de_quartile1": -4.549824552668724e-06,
  "smile_f0final_sma_de_quartile2": -8.014175136850099e-07,
  "smile_f0final_sma_de_quartile3": 1.1335272347423597e-06,
  "smile_f0final_sma_de_iqr1-2": 3.7484069252968766e-06,
  "smile_f0final_sma_de_iqr2-3": 1.9349447484273696e-06,
  "smile_f0final_sma_de_iqr1-3": 5.683351901097922e-06,
  "smile_f0final_sma_de_percentile1.0": -0.00022190590971149504,
  "smile_f0final_sma_de_percentile99.0": 0.00023449864238500595,
  "smile_f0final_sma_de_pctlrange0-1": 0.000456404552096501,
  "smile_f0final_sma_de_stddev": 0.00025549656129442155,
  "smile_f0final_sma_de_skewness": -19.244918823242188,
  "smile_f0final_sma_de_kurtosis": 4382.5869140625,
  "smile_f0final_sma_de_upleveltime25": 0.9999917149543762,
  "smile_f0final_sma_de_upleveltime50": 0.9999210834503174,
  "smile_f0final_sma_de_upleveltime75": 0.00017443815886508673,
  "smile_f0final_sma_de_upleveltime90": 2.4919738280004822e-05,
  "smile_f0final_sma_de_risetime": 0.5039290189743042,
  "smile_f0final_sma_de_leftctime": 0.501368522644043,
  "smile_f0final_sma_de_lpgain": 3.367063783343838e-08,
  "smile_f0final_sma_de_lpc0": -0.8524578213691711,
  "smile_f0final_sma_de_lpc1": 0.3187834322452545,
  "smile_f0final_sma_de_lpc2": -0.08593080192804337,
  "smile_f0final_sma_de_lpc3": 0.05379684269428253,
  "smile_f0final_sma_de_lpc4": 0.020841026678681374,
  "smile_f0final_sma_ff0_nnz": 0.470287561416626,
  "smile_f0final_sma_ff0_meanseglen": 0.10509999841451645,
  "smile_f0final_sma_ff0_maxseglen": 0.8799999952316284,
  "smile_f0final_sma_ff0_minseglen": 0.019999999552965164,
  "smile_f0final_sma_ff0_seglenstddev": 0.12238050997257233,
  "duration_s": 5737.925,
  "file_id": "4341191",
  "f0_cv_ci_lower": 0.5187526518787042,
  "f0_cv_ci_upper": 0.5236701584193963,
  "f0_cv_ci_width": 0.004917506540692118,
  "acoustic_volatility_index": 13.39492932251791
}