{
  "f0_mean": 155.93175701825075,
  "f0_std": 74.65417298306762,
  "f0_median": 134.1755227344315,
  "f0_mad": 22.613452061341064,
  "f0_cv": 0.47876182767779535,
  "f0_min": 74.94129545115027,
  "f0_max": 499.977133398182,
  "f0_range": 425.0358379470317,
  "f0_p05": 92.751344715883,
  "f0_p25": 115.28210833756918,
  "f0_p75": 165.99280830391703,
  "f0_p95": 347.60108373177906,
  "f0_iqr": 50.710699966347846,
  "f0_skewness": 2.625056103899175,
  "f0_kurtosis": 7.316507418076805,
  "voiced_fraction": 0.36516726874858646,
  "jitter_local": 0.01966904985766405,
  "jitter_ddp": 0.026597707457112686,
  "shimmer_local": 0.14439376428761982,
  "shimmer_apq3": 0.06173729921330407,
  "hnr_mean": 8.616702911200234,
  "hnr_std": 5.593766946341175,
  "hnr_p05": 0.9759645149755624,
  "speech_rate": 0.6999973258048373,
  "pause_frequency": 0.5540932377244892,
  "pause_duration_mean": 0.4440926640926641,
  "pause_duration_std": 0.566648555992125,
  "pause_duration_cv": 1.2759691879843538,
  "speaking_time_ratio": 0.6999973258048373,
  "spectral_centroid_mean": 1603.7069292946524,
  "spectral_centroid_std": 723.8382054769934,
  "spectral_centroid_cv": 0.45135316949422566,
  "spectral_rolloff_mean": 2683.690904242639,
  "spectral_rolloff_std": 1368.8970929231712,
  "spectral_bandwidth_mean": 1349.9468736650333,
  "spectral_bandwidth_std": 487.34612756964725,
  "mfcc0_mean": -330.4900207519531,
  "mfcc1_mean": 67.5641860961914,
  "mfcc2_mean": -26.5289249420166,
  "mfcc3_mean": 0.5824145674705505,
  "mfcc4_mean": -4.07921028137207,
  "mfcc5_mean": -13.97012710571289,
  "mfcc6_mean": -10.217301368713379,
  "mfcc7_mean": -9.731661796569824,
  "mfcc8_mean": -11.174985885620117,
  "mfcc9_mean": -5.0226731300354,
  "mfcc10_mean": -5.170681953430176,
  "mfcc11_mean": -4.799417495727539,
  "mfcc12_mean": -2.5419516563415527,
  "mfcc0_std": 123.39386749267578,
  "mfcc1_std": 45.3431396484375,
  "mfcc2_std": 36.03384017944336,
  "mfcc3_std": 33.798309326171875,
  "mfcc4_std": 26.521814346313477,
  "mfcc5_std": 21.470626831054688,
  "mfcc6_std": 18.609882354736328,
  "mfcc7_std": 16.091859817504883,
  "mfcc8_std": 15.210981369018555,
  "mfcc9_std": 14.406718254089355,
  "mfcc10_std": 12.618383407592773,
  "mfcc11_std": 11.177323341369629,
  "mfcc12_std": 10.348090171813965,
  "smile_f0final_sma_amean": 180.05905151367188,
  "smile_f0final_sma_flatness": 0.87210613489151,
  "smile_f0final_sma_posamean": 180.05905151367188,
  "smile_f0final_sma_rqmean": 206.1977996826172,
  "smile_f0final_sma_range": 567.1879272460938,
  "smile_f0final_sma_maxpos": 0.28013789653778076,
  "smile_f0final_sma_minpos": 0.8802902698516846,
  "smile_f0final_sma_linregc1": -5.898013455407636e-07,
  "smile_f0final_sma_linregc2": 0.27654439210891724,
  "smile_f0final_sma_linregerrq": 0.030500028282403946,
  "smile_f0final_sma_qregc1": -1.0121856694814135e-12,
  "smile_f0final_sma_qregc2": -4.1306057596557366e-07,
  "smile_f0final_sma_qregc3": 0.27140089869499207,
  "smile_f0final_sma_qregerrq": 0.03049473650753498,
  "smile_f0final_sma_centroid": 0.4729628264904022,
  "smile_f0final_sma_quartile1": 119.51698303222656,
  "smile_f0final_sma_quartile2": 155.4143524169922,
  "smile_f0final_sma_quartile3": 217.26181030273438,
  "smile_f0final_sma_iqr1-2": 35.897369384765625,
  "smile_f0final_sma_iqr2-3": 61.84745788574219,
  "smile_f0final_sma_iqr1-3": 97.74482727050781,
  "smile_f0final_sma_percentile1.0": 58.30592346191406,
  "smile_f0final_sma_percentile99.0": 563.4381713867188,
  "smile_f0final_sma_pctlrange0-1": 505.13226318359375,
  "smile_f0final_sma_stddev": 100.48018646240234,
  "smile_f0final_sma_skewness": 1.6219524145126343,
  "smile_f0final_sma_kurtosis": 6.325157165527344,
  "smile_f0final_sma_upleveltime25": 0.3245845139026642,
  "smile_f0final_sma_upleveltime50": 0.07577284425497055,
  "smile_f0final_sma_upleveltime75": 0.022838948294520378,
  "smile_f0final_sma_upleveltime90": 0.010096555575728416,
  "smile_f0final_sma_risetime": 0.4385698735713959,
  "smile_f0final_sma_leftctime": 0.5017753839492798,
  "smile_f0final_sma_lpgain": 2143.44921875,
  "smile_f0final_sma_lpc0": -1.044262409210205,
  "smile_f0final_sma_lpc1": 0.04193762689828873,
  "smile_f0final_sma_lpc2": 0.12455382198095322,
  "smile_f0final_sma_lpc3": -0.014354214072227478,
  "smile_f0final_sma_lpc4": -0.08414123207330704,
  "smile_f0final_sma_de_amean": 5.466747097671032e-05,
  "smile_f0final_sma_de_flatness": 0.0344097763299942,
  "smile_f0final_sma_de_posamean": 0.00022164365509524941,
  "smile_f0final_sma_de_rqmean": 0.009574984200298786,
  "smile_f0final_sma_de_range": 2.462228298187256,
  "smile_f0final_sma_de_maxpos": 5.088670150144026e-05,
  "smile_f0final_sma_de_minpos": 0.0003816502576228231,
  "smile_f0final_sma_de_linregc1": -8.641399262820926e-10,
  "smile_f0final_sma_de_linregc2": 0.08049079775810242,
  "smile_f0final_sma_de_linregerrq": 1.5120325770112686e-05,
  "smile_f0final_sma_de_qregc1": 2.776732735073912e-14,
  "smile_f0final_sma_de_qregc2": -5.22946930203716e-09,
  "smile_f0final_sma_de_qregc3": 0.08060517907142639,
  "smile_f0final_sma_de_qregerrq": 1.5117709153855685e-05,
  "smile_f0final_sma_de_centroid": 0.08523378521203995,
  "smile_f0final_sma_de_quartile1": -5.595979928330053e-06,
  "smile_f0final_sma_de_quartile2": -2.514405537112907e-07,
  "smile_f0final_sma_de_quartile3": 2.898715365518001e-06,
  "smile_f0final_sma_de_iqr1-2": 5.344539204088505e-06,
  "smile_f0final_sma_de_iqr2-3": 3.1501558623858728e-06,
  "smile_f0final_sma_de_iqr1-3": 8.494695066474378e-06,
  "smile_f0final_sma_de_percentile1.0": -0.0005846115527674556,
  "smile_f0final_sma_de_percentile99.0": 0.0005182496970519423,
  "smile_f0final_sma_de_pctlrange0-1": 0.001102861249819398,
  "smile_f0final_sma_de_stddev": 0.00957482773810625,
  "smile_f0final_sma_de_skewness": 190.02362060546875,
  "smile_f0final_sma_de_kurtosis": 38928.2734375,
  "smile_f0final_sma_de_upleveltime25": 3.180418934789486e-05,
  "smile_f0final_sma_de_upleveltime50": 2.544335075072013e-05,
  "smile_f0final_sma_de_upleveltime75": 1.9082512153545395e-05,
  "smile_f0final_sma_de_upleveltime90": 6.360837687680032e-06,
  "smile_f0final_sma_de_risetime": 0.5118280649185181,
  "smile_f0final_sma_de_leftctime": 0.5015711188316345,
  "smile_f0final_sma_de_lpgain": 5.272432645142544e-06,
  "smile_f0final_sma_de_lpc0": -2.0168356895446777,
  "smile_f0final_sma_de_lpc1": 1.6150193214416504,
  "smile_f0final_sma_de_lpc2": -0.390869140625,
  "smile_f0final_sma_de_lpc3": -0.2442930042743683,
  "smile_f0final_sma_de_lpc4": 0.15462957322597504,
  "smile_f0final_sma_ff0_nnz": 0.5336711406707764,
  "smile_f0final_sma_ff0_meanseglen": 0.18139998614788055,
  "smile_f0final_sma_ff0_maxseglen": 0.949999988079071,
  "smile_f0final_sma_ff0_minseglen": 0.019999999552965164,
  "smile_f0final_sma_ff0_seglenstddev": 0.19103935360908508,
  "duration_s": 3272.0125,
  "file_id": "4344866",
  "f0_cv_ci_lower": 0.6041768062261955,
  "f0_cv_ci_upper": 0.6103152887403571,
  "f0_cv_ci_width": 0.006138482514161603,
  "acoustic_volatility_index": 9.236912469451605
}