{
  "f0_mean": 144.8299543047603,
  "f0_std": 64.63885401970153,
  "f0_median": 128.31074488631612,
  "f0_mad": 18.018417955702688,
  "f0_cv": 0.44630859914299487,
  "f0_min": 74.95276956844332,
  "f0_max": 499.9025870937652,
  "f0_range": 424.94981752532186,
  "f0_p05": 93.53419322884939,
  "f0_p25": 112.47566649537778,
  "f0_p75": 150.53093777332978,
  "f0_p95": 278.90430435005806,
  "f0_iqr": 38.055271277952,
  "f0_skewness": 3.1631198337512703,
  "f0_kurtosis": 11.083179105976642,
  "voiced_fraction": 0.5179214631205986,
  "jitter_local": 0.02672856688569787,
  "jitter_ddp": 0.03744204492119069,
  "shimmer_local": 0.15918708189655958,
  "shimmer_apq3": 0.07128741251712481,
  "hnr_mean": 8.362864987743317,
  "hnr_std": 4.9928770455729055,
  "hnr_p05": 0.9617845854700435,
  "speech_rate": 0.7000032159806674,
  "pause_frequency": 0.6141604223042042,
  "pause_duration_mean": 0.4041053261520048,
  "pause_duration_std": 0.39739444432725113,
  "pause_duration_cv": 0.9833932358955612,
  "speaking_time_ratio": 0.7000032159806674,
  "spectral_centroid_mean": 1254.1629907354904,
  "spectral_centroid_std": 485.71871903263093,
  "spectral_centroid_cv": 0.38728516358769793,
  "spectral_rolloff_mean": 2078.5556522897677,
  "spectral_rolloff_std": 849.2565406755633,
  "spectral_bandwidth_mean": 1170.5526927161118,
  "spectral_bandwidth_std": 382.86852450667016,
  "mfcc0_mean": -293.611572265625,
  "mfcc1_mean": 82.88322448730469,
  "mfcc2_mean": -20.116506576538086,
  "mfcc3_mean": 1.991163730621338,
  "mfcc4_mean": -11.24792194366455,
  "mfcc5_mean": -23.511375427246094,
  "mfcc6_mean": -22.055871963500977,
  "mfcc7_mean": -19.35708236694336,
  "mfcc8_mean": -18.25994110107422,
  "mfcc9_mean": -11.204974174499512,
  "mfcc10_mean": -8.89522647857666,
  "mfcc11_mean": -7.3021416664123535,
  "mfcc12_mean": -5.41273307800293,
  "mfcc0_std": 134.6645965576172,
  "mfcc1_std": 50.484439849853516,
  "mfcc2_std": 34.800865173339844,
  "mfcc3_std": 36.45496368408203,
  "mfcc4_std": 25.188013076782227,
  "mfcc5_std": 21.586463928222656,
  "mfcc6_std": 19.098051071166992,
  "mfcc7_std": 16.293825149536133,
  "mfcc8_std": 16.46811294555664,
  "mfcc9_std": 15.149023056030273,
  "mfcc10_std": 12.106778144836426,
  "mfcc11_std": 9.989099502563477,
  "mfcc12_std": 9.935529708862305,
  "smile_f0final_sma_amean": 172.68739318847656,
  "smile_f0final_sma_flatness": 0.9080258011817932,
  "smile_f0final_sma_posamean": 172.68739318847656,
  "smile_f0final_sma_rqmean": 195.42709350585938,
  "smile_f0final_sma_range": 566.4646606445312,
  "smile_f0final_sma_maxpos": 0.022088175639510155,
  "smile_f0final_sma_minpos": 0.5770917534828186,
  "smile_f0final_sma_linregc1": 5.450412459140352e-07,
  "smile_f0final_sma_linregc2": 0.1717798113822937,
  "smile_f0final_sma_linregerrq": 0.025547945871949196,
  "smile_f0final_sma_qregc1": 1.644897325986383e-13,
  "smile_f0final_sma_qregc2": 5.207718345445755e-07,
  "smile_f0final_sma_qregc3": 0.1723766028881073,
  "smile_f0final_sma_qregerrq": 0.025547875091433525,
  "smile_f0final_sma_centroid": 0.5219795107841492,
  "smile_f0final_sma_quartile1": 119.3177490234375,
  "smile_f0final_sma_quartile2": 139.88072204589844,
  "smile_f0final_sma_quartile3": 182.953125,
  "smile_f0final_sma_iqr1-2": 20.562973022460938,
  "smile_f0final_sma_iqr2-3": 43.07240295410156,
  "smile_f0final_sma_iqr1-3": 63.6353759765625,
  "smile_f0final_sma_percentile1.0": 88.28791809082031,
  "smile_f0final_sma_percentile99.0": 531.0592041015625,
  "smile_f0final_sma_pctlrange0-1": 442.77130126953125,
  "smile_f0final_sma_stddev": 91.49214172363281,
  "smile_f0final_sma_skewness": 2.230220317840576,
  "smile_f0final_sma_kurtosis": 8.064140319824219,
  "smile_f0final_sma_upleveltime25": 0.22021077573299408,
  "smile_f0final_sma_upleveltime50": 0.07859297096729279,
  "smile_f0final_sma_upleveltime75": 0.017872514203190804,
  "smile_f0final_sma_upleveltime90": 0.0064387135207653046,
  "smile_f0final_sma_risetime": 0.41990184783935547,
  "smile_f0final_sma_leftctime": 0.49168717861175537,
  "smile_f0final_sma_lpgain": 1828.2320556640625,
  "smile_f0final_sma_lpc0": -1.0482343435287476,
  "smile_f0final_sma_lpc1": 0.04630206525325775,
  "smile_f0final_sma_lpc2": 0.1313496083021164,
  "smile_f0final_sma_lpc3": -0.03997339308261871,
  "smile_f0final_sma_lpc4": -0.06673284620046616,
  "smile_f0final_sma_de_amean": -1.3685875273949932e-05,
  "smile_f0final_sma_de_flatness": 0.06188853085041046,
  "smile_f0final_sma_de_posamean": 0.00011128242476843297,
  "smile_f0final_sma_de_rqmean": 0.0030241054482758045,
  "smile_f0final_sma_de_range": 0.8468462824821472,
  "smile_f0final_sma_de_maxpos": 0.0005485051078721881,
  "smile_f0final_sma_de_minpos": 7.513769105571555e-06,
  "smile_f0final_sma_de_linregc1": 7.835541104839194e-10,
  "smile_f0final_sma_de_linregc2": 0.833547830581665,
  "smile_f0final_sma_de_linregerrq": 1.2751020221912768e-05,
  "smile_f0final_sma_de_qregc1": -3.0783450739651705e-14,
  "smile_f0final_sma_de_qregc2": 4.8804622565512545e-09,
  "smile_f0final_sma_de_qregc3": 0.8334569334983826,
  "smile_f0final_sma_de_qregerrq": 1.2749368579534348e-05,
  "smile_f0final_sma_de_centroid": 0.11548943817615509,
  "smile_f0final_sma_de_quartile1": -7.2505417847423814e-06,
  "smile_f0final_sma_de_quartile2": -7.334187444030249e-07,
  "smile_f0final_sma_de_quartile3": 4.563784841593588e-06,
  "smile_f0final_sma_de_iqr1-2": 6.517122983495938e-06,
  "smile_f0final_sma_de_iqr2-3": 5.2972036428400315e-06,
  "smile_f0final_sma_de_iqr1-3": 1.181432708108332e-05,
  "smile_f0final_sma_de_percentile1.0": -0.0005146486801095307,
  "smile_f0final_sma_de_percentile99.0": 0.0005072429776191711,
  "smile_f0final_sma_de_pctlrange0-1": 0.001021891599521041,
  "smile_f0final_sma_de_stddev": 0.0030240744818001986,
  "smile_f0final_sma_de_skewness": -154.39764404296875,
  "smile_f0final_sma_de_kurtosis": 31950.541015625,
  "smile_f0final_sma_de_upleveltime25": 0.9999849796295166,
  "smile_f0final_sma_de_upleveltime50": 0.9999774694442749,
  "smile_f0final_sma_de_upleveltime75": 0.9998947978019714,
  "smile_f0final_sma_de_upleveltime90": 7.513768650824204e-05,
  "smile_f0final_sma_de_risetime": 0.5068901777267456,
  "smile_f0final_sma_de_leftctime": 0.5087574124336243,
  "smile_f0final_sma_de_lpgain": 3.074814685533056e-06,
  "smile_f0final_sma_de_lpc0": -1.0235415697097778,
  "smile_f0final_sma_de_lpc1": 0.3528071939945221,
  "smile_f0final_sma_de_lpc2": -0.10344108939170837,
  "smile_f0final_sma_de_lpc3": 0.031741008162498474,
  "smile_f0final_sma_de_lpc4": -0.040928516536951065,
  "smile_f0final_sma_ff0_nnz": 0.5423012971878052,
  "smile_f0final_sma_ff0_meanseglen": 0.15119999647140503,
  "smile_f0final_sma_ff0_maxseglen": 0.5399999618530273,
  "smile_f0final_sma_ff0_minseglen": 0.019999999552965164,
  "smile_f0final_sma_ff0_seglenstddev": 0.10191448032855988,
  "duration_s": 2720.7875,
  "file_id": "4344338",
  "f0_cv_ci_lower": 0.5870716753013356,
  "f0_cv_ci_upper": 0.5942287402442571,
  "f0_cv_ci_width": 0.007157064942921454,
  "acoustic_volatility_index": 7.070991612905877
}