{
  "f0_mean": 163.96851508359572,
  "f0_std": 48.23890467777962,
  "f0_median": 155.97768883893275,
  "f0_mad": 17.738671638279953,
  "f0_cv": 0.2941961427972076,
  "f0_min": 74.9497287259466,
  "f0_max": 499.95441383491845,
  "f0_range": 425.00468510897184,
  "f0_p05": 107.42479238016558,
  "f0_p25": 140.89624851339363,
  "f0_p75": 177.34805790602115,
  "f0_p95": 237.94392030861619,
  "f0_iqr": 36.451809392627524,
  "f0_skewness": 2.722722157587891,
  "f0_kurtosis": 12.075311424626399,
  "voiced_fraction": 0.43516741470589715,
  "jitter_local": 0.015829579387567287,
  "jitter_ddp": 0.019807689769180757,
  "shimmer_local": 0.12622513539174193,
  "shimmer_apq3": 0.051014033310095165,
  "hnr_mean": 12.640815835166476,
  "hnr_std": 5.313765351201808,
  "hnr_p05": 3.525118151326355,
  "speech_rate": 0.6999977961987578,
  "pause_frequency": 0.46342791838379516,
  "pause_duration_mean": 0.5479782608695652,
  "pause_duration_std": 0.5863411230426265,
  "pause_duration_cv": 1.0700080001571317,
  "speaking_time_ratio": 0.6999977961987578,
  "spectral_centroid_mean": 1365.6421318207542,
  "spectral_centroid_std": 723.9813284532818,
  "spectral_centroid_cv": 0.5301398599119284,
  "spectral_rolloff_mean": 2304.396205250326,
  "spectral_rolloff_std": 1415.8519816513538,
  "spectral_bandwidth_mean": 1289.5279344589815,
  "spectral_bandwidth_std": 472.9351598455684,
  "mfcc0_mean": -356.0557556152344,
  "mfcc1_mean": 76.3847427368164,
  "mfcc2_mean": -12.756962776184082,
  "mfcc3_mean": -0.14727036654949188,
  "mfcc4_mean": -9.878662109375,
  "mfcc5_mean": -20.417449951171875,
  "mfcc6_mean": -21.530263900756836,
  "mfcc7_mean": -15.068257331848145,
  "mfcc8_mean": -11.043089866638184,
  "mfcc9_mean": -6.955419540405273,
  "mfcc10_mean": -5.489433288574219,
  "mfcc11_mean": -2.7128405570983887,
  "mfcc12_mean": -0.6668532490730286,
  "mfcc0_std": 105.56768035888672,
  "mfcc1_std": 49.54754638671875,
  "mfcc2_std": 29.790407180786133,
  "mfcc3_std": 29.83559226989746,
  "mfcc4_std": 22.086997985839844,
  "mfcc5_std": 20.25806427001953,
  "mfcc6_std": 18.668766021728516,
  "mfcc7_std": 14.70461654663086,
  "mfcc8_std": 13.009642601013184,
  "mfcc9_std": 12.027220726013184,
  "mfcc10_std": 10.364827156066895,
  "mfcc11_std": 8.706374168395996,
  "mfcc12_std": 8.130475044250488,
  "smile_f0final_sma_amean": 184.6309356689453,
  "smile_f0final_sma_flatness": 0.9445158839225769,
  "smile_f0final_sma_posamean": 184.6309356689453,
  "smile_f0final_sma_rqmean": 198.5588836669922,
  "smile_f0final_sma_range": 566.5430908203125,
  "smile_f0final_sma_maxpos": 0.8103976249694824,
  "smile_f0final_sma_minpos": 0.2446182817220688,
  "smile_f0final_sma_linregc1": -6.90721009277695e-08,
  "smile_f0final_sma_linregc2": 0.24031874537467957,
  "smile_f0final_sma_linregerrq": 0.01660589687526226,
  "smile_f0final_sma_qregc1": -2.2946182172238483e-13,
  "smile_f0final_sma_qregc2": -1.5189419499961332e-08,
  "smile_f0final_sma_qregc3": 0.23820994794368744,
  "smile_f0final_sma_qregerrq": 0.016605006530880928,
  "smile_f0final_sma_centroid": 0.4958503246307373,
  "smile_f0final_sma_quartile1": 145.5221710205078,
  "smile_f0final_sma_quartile2": 162.6220245361328,
  "smile_f0final_sma_quartile3": 196.99722290039062,
  "smile_f0final_sma_iqr1-2": 17.099853515625,
  "smile_f0final_sma_iqr2-3": 34.37519836425781,
  "smile_f0final_sma_iqr1-3": 51.47505187988281,
  "smile_f0final_sma_percentile1.0": 98.07572174072266,
  "smile_f0final_sma_percentile99.0": 504.3546142578125,
  "smile_f0final_sma_pctlrange0-1": 406.2789001464844,
  "smile_f0final_sma_stddev": 73.05510711669922,
  "smile_f0final_sma_skewness": 2.469853639602661,
  "smile_f0final_sma_kurtosis": 11.055203437805176,
  "smile_f0final_sma_upleveltime25": 0.26071977615356445,
  "smile_f0final_sma_upleveltime50": 0.04284929484128952,
  "smile_f0final_sma_upleveltime75": 0.01247322466224432,
  "smile_f0final_sma_upleveltime90": 0.004509779624640942,
  "smile_f0final_sma_risetime": 0.41365373134613037,
  "smile_f0final_sma_leftctime": 0.49206843972206116,
  "smile_f0final_sma_lpgain": 1112.824951171875,
  "smile_f0final_sma_lpc0": -1.0877785682678223,
  "smile_f0final_sma_lpc1": 0.07947522401809692,
  "smile_f0final_sma_lpc2": 0.13057850301265717,
  "smile_f0final_sma_lpc3": -0.03665348142385483,
  "smile_f0final_sma_lpc4": -0.07208958268165588,
  "smile_f0final_sma_de_amean": -1.7483529290984734e-07,
  "smile_f0final_sma_de_flatness": 0.05903954431414604,
  "smile_f0final_sma_de_posamean": 8.834769687382504e-05,
  "smile_f0final_sma_de_rqmean": 0.001688880380243063,
  "smile_f0final_sma_de_range": 0.4821434020996094,
  "smile_f0final_sma_de_maxpos": 8.681785402586684e-05,
  "smile_f0final_sma_de_minpos": 6.39710488030687e-05,
  "smile_f0final_sma_de_linregc1": 4.7826707871845286e-11,
  "smile_f0final_sma_de_linregc2": 0.6084203124046326,
  "smile_f0final_sma_de_linregerrq": 1.2270012121007312e-05,
  "smile_f0final_sma_de_qregc1": -1.5809952546213873e-15,
  "smile_f0final_sma_de_qregc2": 3.9382436201051974e-10,
  "smile_f0final_sma_de_qregc3": 0.608407735824585,
  "smile_f0final_sma_de_qregerrq": 1.226998028869275e-05,
  "smile_f0final_sma_de_centroid": 0.09887359291315079,
  "smile_f0final_sma_de_quartile1": -4.596297912939917e-06,
  "smile_f0final_sma_de_quartile2": -5.570880148297874e-07,
  "smile_f0final_sma_de_quartile3": 2.7454598239273764e-06,
  "smile_f0final_sma_de_iqr1-2": 4.0392096707364544e-06,
  "smile_f0final_sma_de_iqr2-3": 3.302547838757164e-06,
  "smile_f0final_sma_de_iqr1-3": 7.341757736867294e-06,
  "smile_f0final_sma_de_percentile1.0": -0.0003575658774934709,
  "smile_f0final_sma_de_percentile99.0": 0.0004262365400791168,
  "smile_f0final_sma_de_pctlrange0-1": 0.0007838024175725877,
  "smile_f0final_sma_de_stddev": 0.001688880380243063,
  "smile_f0final_sma_de_skewness": -46.91407012939453,
  "smile_f0final_sma_de_kurtosis": 11404.0078125,
  "smile_f0final_sma_de_upleveltime25": 0.9999862909317017,
  "smile_f0final_sma_de_upleveltime50": 0.9999086260795593,
  "smile_f0final_sma_de_upleveltime75": 4.569360680761747e-05,
  "smile_f0final_sma_de_upleveltime90": 9.138720997725613e-06,
  "smile_f0final_sma_de_risetime": 0.5015398859977722,
  "smile_f0final_sma_de_leftctime": 0.5048732757568359,
  "smile_f0final_sma_de_lpgain": 2.1444162712214165e-07,
  "smile_f0final_sma_de_lpc0": -1.8468111753463745,
  "smile_f0final_sma_de_lpc1": 1.2523517608642578,
  "smile_f0final_sma_de_lpc2": -0.06399944424629211,
  "smile_f0final_sma_de_lpc3": -0.36427736282348633,
  "smile_f0final_sma_de_lpc4": 0.16496585309505463,
  "smile_f0final_sma_ff0_nnz": 0.5914415717124939,
  "smile_f0final_sma_ff0_meanseglen": 0.18690000474452972,
  "smile_f0final_sma_ff0_maxseglen": 0.7899999618530273,
  "smile_f0final_sma_ff0_minseglen": 0.019999999552965164,
  "smile_f0final_sma_ff0_seglenstddev": 0.15095491707324982,
  "duration_s": 3970.4125,
  "file_id": "4346818",
  "f0_cv_ci_lower": 0.37894901925155833,
  "f0_cv_ci_upper": 0.38585401386718293,
  "f0_cv_ci_width": 0.0069049946156246045,
  "acoustic_volatility_index": 6.804015005233162
}