{
  "f0_mean": 136.97480248881294,
  "f0_std": 47.187195289474026,
  "f0_median": 126.1177151120138,
  "f0_mad": 14.591904818410484,
  "f0_cv": 0.3444954431916623,
  "f0_min": 74.9808487430182,
  "f0_max": 499.84276990151255,
  "f0_range": 424.86192115849434,
  "f0_p05": 96.19264385127039,
  "f0_p25": 112.97377636400093,
  "f0_p75": 143.04184192358284,
  "f0_p95": 221.0027567826951,
  "f0_iqr": 30.06806555958191,
  "f0_skewness": 3.6918358946770202,
  "f0_kurtosis": 19.163903443679484,
  "voiced_fraction": 0.433132116946907,
  "jitter_local": 0.019133190010861757,
  "jitter_ddp": 0.02541600395493641,
  "shimmer_local": 0.1298303326641903,
  "shimmer_apq3": 0.054997463351412715,
  "hnr_mean": 13.369236050201236,
  "hnr_std": 5.200936467457048,
  "hnr_p05": 4.162853108116237,
  "speech_rate": 0.6999981362407978,
  "pause_frequency": 0.5578497543831623,
  "pause_duration_mean": 0.4480565101183658,
  "pause_duration_std": 0.7068445192227845,
  "pause_duration_cv": 1.5775789510034195,
  "speaking_time_ratio": 0.6999981362407978,
  "spectral_centroid_mean": 1023.3845321052361,
  "spectral_centroid_std": 708.425581437308,
  "spectral_centroid_cv": 0.6922379215366717,
  "spectral_rolloff_mean": 1740.8448966094547,
  "spectral_rolloff_std": 1539.8368630948812,
  "spectral_bandwidth_mean": 987.4036997523182,
  "spectral_bandwidth_std": 595.7535566712293,
  "mfcc0_mean": -404.13653564453125,
  "mfcc1_mean": 91.447265625,
  "mfcc2_mean": 18.79012107849121,
  "mfcc3_mean": 5.580598831176758,
  "mfcc4_mean": -4.4851531982421875,
  "mfcc5_mean": -12.454866409301758,
  "mfcc6_mean": -15.161214828491211,
  "mfcc7_mean": -12.554468154907227,
  "mfcc8_mean": -10.882757186889648,
  "mfcc9_mean": -9.55407428741455,
  "mfcc10_mean": -8.55593490600586,
  "mfcc11_mean": -7.271449565887451,
  "mfcc12_mean": -5.5449395179748535,
  "mfcc0_std": 94.88182067871094,
  "mfcc1_std": 62.15533447265625,
  "mfcc2_std": 36.74417495727539,
  "mfcc3_std": 31.51814842224121,
  "mfcc4_std": 23.4754581451416,
  "mfcc5_std": 19.30917739868164,
  "mfcc6_std": 17.81130027770996,
  "mfcc7_std": 14.51750373840332,
  "mfcc8_std": 14.340662002563477,
  "mfcc9_std": 13.055244445800781,
  "mfcc10_std": 10.924238204956055,
  "mfcc11_std": 9.708183288574219,
  "mfcc12_std": 9.006632804870605,
  "smile_f0final_sma_amean": 148.75807189941406,
  "smile_f0final_sma_flatness": 0.9360775947570801,
  "smile_f0final_sma_posamean": 148.75807189941406,
  "smile_f0final_sma_rqmean": 164.32492065429688,
  "smile_f0final_sma_range": 564.6002807617188,
  "smile_f0final_sma_maxpos": 0.8202535510063171,
  "smile_f0final_sma_minpos": 0.5465604066848755,
  "smile_f0final_sma_linregc1": -7.085522923944154e-08,
  "smile_f0final_sma_linregc2": 0.1763768047094345,
  "smile_f0final_sma_linregerrq": 0.015259276144206524,
  "smile_f0final_sma_qregc1": 1.1873998962894095e-12,
  "smile_f0final_sma_qregc2": -3.8712158811904374e-07,
  "smile_f0final_sma_qregc3": 0.19041644036769867,
  "smile_f0final_sma_qregerrq": 0.015219852328300476,
  "smile_f0final_sma_centroid": 0.4940290153026581,
  "smile_f0final_sma_quartile1": 114.5605697631836,
  "smile_f0final_sma_quartile2": 128.7797393798828,
  "smile_f0final_sma_quartile3": 150.433837890625,
  "smile_f0final_sma_iqr1-2": 14.219169616699219,
  "smile_f0final_sma_iqr2-3": 21.654098510742188,
  "smile_f0final_sma_iqr1-3": 35.873268127441406,
  "smile_f0final_sma_percentile1.0": 89.12127685546875,
  "smile_f0final_sma_percentile99.0": 486.26629638671875,
  "smile_f0final_sma_pctlrange0-1": 397.14501953125,
  "smile_f0final_sma_stddev": 69.8119888305664,
  "smile_f0final_sma_skewness": 3.417095184326172,
  "smile_f0final_sma_kurtosis": 16.958057403564453,
  "smile_f0final_sma_upleveltime25": 0.12620094418525696,
  "smile_f0final_sma_upleveltime50": 0.03196509927511215,
  "smile_f0final_sma_upleveltime75": 0.011105562560260296,
  "smile_f0final_sma_upleveltime90": 0.0034465540666133165,
  "smile_f0final_sma_risetime": 0.3951012194156647,
  "smile_f0final_sma_leftctime": 0.4914042055606842,
  "smile_f0final_sma_lpgain": 1290.6124267578125,
  "smile_f0final_sma_lpc0": -0.9839343428611755,
  "smile_f0final_sma_lpc1": 0.045017391443252563,
  "smile_f0final_sma_lpc2": 0.06058230251073837,
  "smile_f0final_sma_lpc3": -0.02251354604959488,
  "smile_f0final_sma_lpc4": -0.07909213751554489,
  "smile_f0final_sma_de_amean": -1.8110509927282692e-06,
  "smile_f0final_sma_de_flatness": 0.060708172619342804,
  "smile_f0final_sma_de_posamean": 5.149398202775046e-05,
  "smile_f0final_sma_de_rqmean": 0.0017227198695763946,
  "smile_f0final_sma_de_range": 0.7275475263595581,
  "smile_f0final_sma_de_maxpos": 0.00021221111819613725,
  "smile_f0final_sma_de_minpos": 4.080983217136236e-06,
  "smile_f0final_sma_de_linregc1": 5.254685575550866e-11,
  "smile_f0final_sma_de_linregc2": 0.6737707853317261,
  "smile_f0final_sma_de_linregerrq": 5.606670129054692e-06,
  "smile_f0final_sma_de_qregc1": -9.906997936248783e-16,
  "smile_f0final_sma_de_qregc2": 2.953059463628449e-10,
  "smile_f0final_sma_de_qregc3": 0.6737608909606934,
  "smile_f0final_sma_de_qregerrq": 5.6066505749186035e-06,
  "smile_f0final_sma_de_centroid": 0.08872591704130173,
  "smile_f0final_sma_de_quartile1": -3.0835794859740417e-06,
  "smile_f0final_sma_de_quartile2": -5.571555448113941e-07,
  "smile_f0final_sma_de_quartile3": 1.3312005648913328e-06,
  "smile_f0final_sma_de_iqr1-2": 2.5264239411626477e-06,
  "smile_f0final_sma_de_iqr2-3": 1.8883561097027268e-06,
  "smile_f0final_sma_de_iqr1-3": 4.4147800508653745e-06,
  "smile_f0final_sma_de_percentile1.0": -0.00021838511747773737,
  "smile_f0final_sma_de_percentile99.0": 0.00016598333604633808,
  "smile_f0final_sma_de_pctlrange0-1": 0.0003843684680759907,
  "smile_f0final_sma_de_stddev": 0.00172271893825382,
  "smile_f0final_sma_de_skewness": -108.6933364868164,
  "smile_f0final_sma_de_kurtosis": 39227.390625,
  "smile_f0final_sma_de_upleveltime25": 0.9999918341636658,
  "smile_f0final_sma_de_upleveltime50": 0.999987781047821,
  "smile_f0final_sma_de_upleveltime75": 6.121474871179089e-05,
  "smile_f0final_sma_de_upleveltime90": 8.161966434272472e-06,
  "smile_f0final_sma_de_risetime": 0.500097930431366,
  "smile_f0final_sma_de_leftctime": 0.5088129639625549,
  "smile_f0final_sma_de_lpgain": 8.331459753208037e-07,
  "smile_f0final_sma_de_lpc0": -1.1930605173110962,
  "smile_f0final_sma_de_lpc1": 0.5457536578178406,
  "smile_f0final_sma_de_lpc2": -0.13316117227077484,
  "smile_f0final_sma_de_lpc3": 0.04228502884507179,
  "smile_f0final_sma_de_lpc4": 0.0014068807940930128,
  "smile_f0final_sma_ff0_nnz": 0.567342221736908,
  "smile_f0final_sma_ff0_meanseglen": 0.2604999840259552,
  "smile_f0final_sma_ff0_maxseglen": 0.85999995470047,
  "smile_f0final_sma_ff0_minseglen": 0.019999999552965164,
  "smile_f0final_sma_ff0_seglenstddev": 0.16548335552215576,
  "duration_s": 4694.8125,
  "file_id": "4346923",
  "f0_cv_ci_lower": 0.41262265781750196,
  "f0_cv_ci_upper": 0.4203272130307224,
  "f0_cv_ci_width": 0.007704555213220443,
  "acoustic_volatility_index": 5.882423655444182
}