{
  "f0_mean": 149.02631825550347,
  "f0_std": 79.72850205668786,
  "f0_median": 127.82220964297026,
  "f0_mad": 26.089641948616688,
  "f0_cv": 0.5349961200812496,
  "f0_min": 74.94350962711745,
  "f0_max": 499.93948795360666,
  "f0_range": 424.9959783264892,
  "f0_p05": 85.2857531482306,
  "f0_p25": 102.47671764053861,
  "f0_p75": 155.50658120811164,
  "f0_p95": 359.3067396336548,
  "f0_iqr": 53.02986356757303,
  "f0_skewness": 2.554437531661312,
  "f0_kurtosis": 6.57970461371421,
  "voiced_fraction": 0.49144122799077833,
  "jitter_local": 0.02388793868014194,
  "jitter_ddp": 0.03129380675366424,
  "shimmer_local": 0.13693539259201076,
  "shimmer_apq3": 0.055545670168066066,
  "hnr_mean": 11.502315149853258,
  "hnr_std": 5.726779451575655,
  "hnr_p05": 2.6281161702996716,
  "speech_rate": 0.7,
  "pause_frequency": 0.5563837716963049,
  "pause_duration_mean": 0.4276172248803828,
  "pause_duration_std": 0.4539858215963143,
  "pause_duration_cv": 1.0616640190846092,
  "speaking_time_ratio": 0.7,
  "spectral_centroid_mean": 1152.8854845190779,
  "spectral_centroid_std": 462.7434418602909,
  "spectral_centroid_cv": 0.401378496020637,
  "spectral_rolloff_mean": 1931.249658917267,
  "spectral_rolloff_std": 813.9254837378776,
  "spectral_bandwidth_mean": 1137.299994057963,
  "spectral_bandwidth_std": 351.4103275494014,
  "mfcc0_mean": -310.16668701171875,
  "mfcc1_mean": 76.54492950439453,
  "mfcc2_mean": -2.4968271255493164,
  "mfcc3_mean": 15.737167358398438,
  "mfcc4_mean": 0.05319027230143547,
  "mfcc5_mean": -23.852407455444336,
  "mfcc6_mean": -31.030376434326172,
  "mfcc7_mean": -24.293460845947266,
  "mfcc8_mean": -18.453310012817383,
  "mfcc9_mean": -8.062240600585938,
  "mfcc10_mean": -6.506096839904785,
  "mfcc11_mean": -9.250032424926758,
  "mfcc12_mean": -5.984641075134277,
  "mfcc0_std": 121.19811248779297,
  "mfcc1_std": 48.44146728515625,
  "mfcc2_std": 30.46824073791504,
  "mfcc3_std": 31.36073875427246,
  "mfcc4_std": 25.833688735961914,
  "mfcc5_std": 23.092195510864258,
  "mfcc6_std": 24.380064010620117,
  "mfcc7_std": 19.63284683227539,
  "mfcc8_std": 16.145790100097656,
  "mfcc9_std": 15.186822891235352,
  "mfcc10_std": 12.525818824768066,
  "mfcc11_std": 10.617058753967285,
  "mfcc12_std": 9.61376953125,
  "smile_f0final_sma_amean": 175.6171875,
  "smile_f0final_sma_flatness": 0.8850554823875427,
  "smile_f0final_sma_posamean": 175.6171875,
  "smile_f0final_sma_rqmean": 204.9403839111328,
  "smile_f0final_sma_range": 567.0482788085938,
  "smile_f0final_sma_maxpos": 0.7607953548431396,
  "smile_f0final_sma_minpos": 0.8400929570198059,
  "smile_f0final_sma_linregc1": 6.867044533009903e-08,
  "smile_f0final_sma_linregc2": 0.2099858522415161,
  "smile_f0final_sma_linregerrq": 0.034689292311668396,
  "smile_f0final_sma_qregc1": 2.5893317438102637e-12,
  "smile_f0final_sma_qregc2": -4.4845793922831945e-07,
  "smile_f0final_sma_qregc3": 0.22719880938529968,
  "smile_f0final_sma_qregerrq": 0.03463003411889076,
  "smile_f0final_sma_centroid": 0.5036877393722534,
  "smile_f0final_sma_quartile1": 113.12246704101562,
  "smile_f0final_sma_quartile2": 139.36239624023438,
  "smile_f0final_sma_quartile3": 187.8901824951172,
  "smile_f0final_sma_iqr1-2": 26.23992919921875,
  "smile_f0final_sma_iqr2-3": 48.52778625488281,
  "smile_f0final_sma_iqr1-3": 74.76771545410156,
  "smile_f0final_sma_percentile1.0": 82.19568634033203,
  "smile_f0final_sma_percentile99.0": 578.027587890625,
  "smile_f0final_sma_pctlrange0-1": 495.8319091796875,
  "smile_f0final_sma_stddev": 105.63694763183594,
  "smile_f0final_sma_skewness": 2.223052740097046,
  "smile_f0final_sma_kurtosis": 7.7340264320373535,
  "smile_f0final_sma_upleveltime25": 0.22823409736156464,
  "smile_f0final_sma_upleveltime50": 0.08434977382421494,
  "smile_f0final_sma_upleveltime75": 0.043516792356967926,
  "smile_f0final_sma_upleveltime90": 0.0145706906914711,
  "smile_f0final_sma_risetime": 0.38580477237701416,
  "smile_f0final_sma_leftctime": 0.4995693862438202,
  "smile_f0final_sma_lpgain": 2726.9755859375,
  "smile_f0final_sma_lpc0": -1.0188019275665283,
  "smile_f0final_sma_lpc1": 0.024741265922784805,
  "smile_f0final_sma_lpc2": 0.1316625475883484,
  "smile_f0final_sma_lpc3": -0.031175345182418823,
  "smile_f0final_sma_lpc4": -0.07628186047077179,
  "smile_f0final_sma_de_amean": -8.247654932347359e-07,
  "smile_f0final_sma_de_flatness": 0.05782359093427658,
  "smile_f0final_sma_de_posamean": 0.00011307710519758984,
  "smile_f0final_sma_de_rqmean": 0.0016545540420338511,
  "smile_f0final_sma_de_range": 0.6050479412078857,
  "smile_f0final_sma_de_maxpos": 2.2164962501847185e-05,
  "smile_f0final_sma_de_minpos": 5.541240625461796e-06,
  "smile_f0final_sma_de_linregc1": 1.1466554095118653e-10,
  "smile_f0final_sma_de_linregc2": 0.7289128303527832,
  "smile_f0final_sma_de_linregerrq": 7.477909093722701e-06,
  "smile_f0final_sma_de_qregc1": -3.5255232859189274e-15,
  "smile_f0final_sma_de_qregc2": 7.508955679469409e-10,
  "smile_f0final_sma_de_qregc3": 0.7288936972618103,
  "smile_f0final_sma_de_qregerrq": 7.477835879399208e-06,
  "smile_f0final_sma_de_centroid": 0.10594209283590317,
  "smile_f0final_sma_de_quartile1": -5.492292530107079e-06,
  "smile_f0final_sma_de_quartile2": -8.391326105083863e-07,
  "smile_f0final_sma_de_quartile3": 2.9437387638608925e-06,
  "smile_f0final_sma_de_iqr1-2": 4.653159976442112e-06,
  "smile_f0final_sma_de_iqr2-3": 3.78287131752586e-06,
  "smile_f0final_sma_de_iqr1-3": 8.43603083922062e-06,
  "smile_f0final_sma_de_percentile1.0": -0.00047565612476319075,
  "smile_f0final_sma_de_percentile99.0": 0.0004901170032098889,
  "smile_f0final_sma_de_pctlrange0-1": 0.0009657731279730797,
  "smile_f0final_sma_de_stddev": 0.0016545539256185293,
  "smile_f0final_sma_de_skewness": -103.78775024414062,
  "smile_f0final_sma_de_kurtosis": 29951.171875,
  "smile_f0final_sma_de_upleveltime25": 0.9999944567680359,
  "smile_f0final_sma_de_upleveltime50": 0.9999889135360718,
  "smile_f0final_sma_de_upleveltime75": 0.00040451055974699557,
  "smile_f0final_sma_de_upleveltime90": 1.662372233113274e-05,
  "smile_f0final_sma_de_risetime": 0.5087441205978394,
  "smile_f0final_sma_de_leftctime": 0.5053889155387878,
  "smile_f0final_sma_de_lpgain": 1.2311122645769501e-06,
  "smile_f0final_sma_de_lpc0": -1.0012184381484985,
  "smile_f0final_sma_de_lpc1": 0.5927868485450745,
  "smile_f0final_sma_de_lpc2": -0.18317049741744995,
  "smile_f0final_sma_de_lpc3": 0.0816543698310852,
  "smile_f0final_sma_de_lpc4": -0.0009999147150665522,
  "smile_f0final_sma_ff0_nnz": 0.5316771268844604,
  "smile_f0final_sma_ff0_meanseglen": 0.2175000011920929,
  "smile_f0final_sma_ff0_maxseglen": 0.8899999856948853,
  "smile_f0final_sma_ff0_minseglen": 0.019999999552965164,
  "smile_f0final_sma_ff0_seglenstddev": 0.17885398864746094,
  "duration_s": 3756.4,
  "file_id": "4359971",
  "f0_cv_ci_lower": 0.6602502220744599,
  "f0_cv_ci_upper": 0.6647185941434625,
  "f0_cv_ci_width": 0.004468372069002524,
  "acoustic_volatility_index": 9.582151013779713
}