{
  "f0_mean": 135.17419963428011,
  "f0_std": 42.33157788294703,
  "f0_median": 126.25785404309927,
  "f0_mad": 14.098747975636897,
  "f0_cv": 0.3131631479785123,
  "f0_min": 74.94485178296434,
  "f0_max": 499.4786774077913,
  "f0_range": 424.53382562482693,
  "f0_p05": 96.66334794606111,
  "f0_p25": 113.65390480229951,
  "f0_p75": 142.7384955464795,
  "f0_p95": 207.92246354593564,
  "f0_iqr": 29.08459074417999,
  "f0_skewness": 3.8180966207371045,
  "f0_kurtosis": 22.083507333239034,
  "voiced_fraction": 0.4958445682253601,
  "jitter_local": 0.023659084006871837,
  "jitter_ddp": 0.033344292575996706,
  "shimmer_local": 0.13685724379772024,
  "shimmer_apq3": 0.0579171028706531,
  "hnr_mean": 12.374622657165805,
  "hnr_std": 5.527859882582226,
  "hnr_p05": 2.874464602194694,
  "speech_rate": 0.7000019402244563,
  "pause_frequency": 0.5521324452648821,
  "pause_duration_mean": 0.42653815261044176,
  "pause_duration_std": 0.4910200671822931,
  "pause_duration_cv": 1.151175021922934,
  "speaking_time_ratio": 0.7000019402244563,
  "spectral_centroid_mean": 1034.7568098740883,
  "spectral_centroid_std": 630.2550114982771,
  "spectral_centroid_cv": 0.6090851545832958,
  "spectral_rolloff_mean": 1711.1321455496918,
  "spectral_rolloff_std": 1299.3283402061754,
  "spectral_bandwidth_mean": 1009.6975956936182,
  "spectral_bandwidth_std": 522.1568117949085,
  "mfcc0_mean": -354.4178771972656,
  "mfcc1_mean": 95.1357421875,
  "mfcc2_mean": 4.135499477386475,
  "mfcc3_mean": 7.478108882904053,
  "mfcc4_mean": 4.014284133911133,
  "mfcc5_mean": -11.883479118347168,
  "mfcc6_mean": -21.111547470092773,
  "mfcc7_mean": -15.051151275634766,
  "mfcc8_mean": -12.243712425231934,
  "mfcc9_mean": -10.297950744628906,
  "mfcc10_mean": -7.354776859283447,
  "mfcc11_mean": -7.436866760253906,
  "mfcc12_mean": -7.014472961425781,
  "mfcc0_std": 112.04695129394531,
  "mfcc1_std": 59.65107727050781,
  "mfcc2_std": 38.565757751464844,
  "mfcc3_std": 33.00737380981445,
  "mfcc4_std": 25.12700843811035,
  "mfcc5_std": 18.35550308227539,
  "mfcc6_std": 18.556425094604492,
  "mfcc7_std": 15.415771484375,
  "mfcc8_std": 12.475383758544922,
  "mfcc9_std": 13.145459175109863,
  "mfcc10_std": 10.662293434143066,
  "mfcc11_std": 8.82139778137207,
  "mfcc12_std": 8.492607116699219,
  "smile_f0final_sma_amean": 147.7495880126953,
  "smile_f0final_sma_flatness": 0.9442089200019836,
  "smile_f0final_sma_posamean": 147.7495880126953,
  "smile_f0final_sma_rqmean": 161.24713134765625,
  "smile_f0final_sma_range": 565.0424194335938,
  "smile_f0final_sma_maxpos": 0.4348287880420685,
  "smile_f0final_sma_minpos": 0.6183024644851685,
  "smile_f0final_sma_linregc1": -7.260684498078263e-08,
  "smile_f0final_sma_linregc2": 0.17504197359085083,
  "smile_f0final_sma_linregerrq": 0.01303278747946024,
  "smile_f0final_sma_qregc1": 1.5094301947671945e-13,
  "smile_f0final_sma_qregc2": -1.12260629236971e-07,
  "smile_f0final_sma_qregc3": 0.176778182387352,
  "smile_f0final_sma_qregerrq": 0.013032184913754463,
  "smile_f0final_sma_centroid": 0.4939191937446594,
  "smile_f0final_sma_quartile1": 116.28347778320312,
  "smile_f0final_sma_quartile2": 129.9499969482422,
  "smile_f0final_sma_quartile3": 151.16921997070312,
  "smile_f0final_sma_iqr1-2": 13.666519165039062,
  "smile_f0final_sma_iqr2-3": 21.219223022460938,
  "smile_f0final_sma_iqr1-3": 34.8857421875,
  "smile_f0final_sma_percentile1.0": 83.9358139038086,
  "smile_f0final_sma_percentile99.0": 483.1348876953125,
  "smile_f0final_sma_pctlrange0-1": 399.1990661621094,
  "smile_f0final_sma_stddev": 64.5809326171875,
  "smile_f0final_sma_skewness": 3.768918752670288,
  "smile_f0final_sma_kurtosis": 21.206071853637695,
  "smile_f0final_sma_upleveltime25": 0.1226799339056015,
  "smile_f0final_sma_upleveltime50": 0.024871720001101494,
  "smile_f0final_sma_upleveltime75": 0.010410798713564873,
  "smile_f0final_sma_upleveltime90": 0.004720069468021393,
  "smile_f0final_sma_risetime": 0.40660127997398376,
  "smile_f0final_sma_leftctime": 0.4846368134021759,
  "smile_f0final_sma_lpgain": 1120.090576171875,
  "smile_f0final_sma_lpc0": -0.9840501546859741,
  "smile_f0final_sma_lpc1": 0.03379783034324646,
  "smile_f0final_sma_lpc2": 0.08018091320991516,
  "smile_f0final_sma_lpc3": -0.028069086372852325,
  "smile_f0final_sma_lpc4": -0.08392856270074844,
  "smile_f0final_sma_de_amean": -9.781036351341754e-05,
  "smile_f0final_sma_de_flatness": 0.018229573965072632,
  "smile_f0final_sma_de_posamean": 7.706751785008237e-05,
  "smile_f0final_sma_de_rqmean": 0.02952258661389351,
  "smile_f0final_sma_de_range": 11.25454330444336,
  "smile_f0final_sma_de_maxpos": 2.075825796055142e-05,
  "smile_f0final_sma_de_minpos": 0.0,
  "smile_f0final_sma_de_linregc1": 2.1568100083690922e-10,
  "smile_f0final_sma_de_linregc2": 0.9107533097267151,
  "smile_f0final_sma_de_linregerrq": 6.880723049107473e-06,
  "smile_f0final_sma_de_qregc1": -4.475209638358634e-15,
  "smile_f0final_sma_de_qregc2": 1.2936113291672768e-09,
  "smile_f0final_sma_de_qregc3": 0.9107100367546082,
  "smile_f0final_sma_de_qregerrq": 6.880348792037694e-06,
  "smile_f0final_sma_de_centroid": 0.02436099201440811,
  "smile_f0final_sma_de_quartile1": -3.217225867047091e-06,
  "smile_f0final_sma_de_quartile2": -5.580490096690482e-07,
  "smile_f0final_sma_de_quartile3": 1.8200817066826858e-06,
  "smile_f0final_sma_de_iqr1-2": 2.6591769710648805e-06,
  "smile_f0final_sma_de_iqr2-3": 2.3781308300385717e-06,
  "smile_f0final_sma_de_iqr1-3": 5.037307346356101e-06,
  "smile_f0final_sma_de_percentile1.0": -0.0002347571571590379,
  "smile_f0final_sma_de_percentile99.0": 0.00022864239872433245,
  "smile_f0final_sma_de_pctlrange0-1": 0.00046339957043528557,
  "smile_f0final_sma_de_stddev": 0.029522424563765526,
  "smile_f0final_sma_de_skewness": -295.7073669433594,
  "smile_f0final_sma_de_kurtosis": 92408.4453125,
  "smile_f0final_sma_de_upleveltime25": 0.9999917149543762,
  "smile_f0final_sma_de_upleveltime50": 0.9999875426292419,
  "smile_f0final_sma_de_upleveltime75": 0.9999833703041077,
  "smile_f0final_sma_de_upleveltime90": 0.9999750852584839,
  "smile_f0final_sma_de_risetime": 0.48891711235046387,
  "smile_f0final_sma_de_leftctime": 0.5024868845939636,
  "smile_f0final_sma_de_lpgain": 0.000436686968896538,
  "smile_f0final_sma_de_lpc0": -0.8224284648895264,
  "smile_f0final_sma_de_lpc1": 0.15607893466949463,
  "smile_f0final_sma_de_lpc2": 0.11658895015716553,
  "smile_f0final_sma_de_lpc3": -0.0022092387080192566,
  "smile_f0final_sma_de_lpc4": -0.018972408026456833,
  "smile_f0final_sma_ff0_nnz": 0.5825430154800415,
  "smile_f0final_sma_ff0_meanseglen": 0.15929999947547913,
  "smile_f0final_sma_ff0_maxseglen": 0.7400000095367432,
  "smile_f0final_sma_ff0_minseglen": 0.019999999552965164,
  "smile_f0final_sma_ff0_seglenstddev": 0.13464957475662231,
  "duration_s": 4509.7875,
  "file_id": "4360717",
  "f0_cv_ci_lower": 0.38217876531755635,
  "f0_cv_ci_upper": 0.39013071348825246,
  "f0_cv_ci_width": 0.00795194817069611,
  "acoustic_volatility_index": 5.6408084867810375
}