{
  "f0_mean": 139.2123838470568,
  "f0_std": 38.226894511255104,
  "f0_median": 137.6330841095166,
  "f0_mad": 17.450907729706643,
  "f0_cv": 0.274594065950716,
  "f0_min": 74.94157780807689,
  "f0_max": 499.5301114949311,
  "f0_range": 424.5885336868542,
  "f0_p05": 87.51690705091504,
  "f0_p25": 119.9717100435677,
  "f0_p75": 154.9019111599805,
  "f0_p95": 189.36413472489923,
  "f0_iqr": 34.9302011164128,
  "f0_skewness": 2.9013561703138104,
  "f0_kurtosis": 19.83203101123295,
  "voiced_fraction": 0.4056737667599864,
  "jitter_local": 0.017668144451556848,
  "jitter_ddp": 0.02021683531121733,
  "shimmer_local": 0.10824681401324891,
  "shimmer_apq3": 0.04271956484340469,
  "hnr_mean": 10.932564043351029,
  "hnr_std": 5.566780454202874,
  "hnr_p05": 1.6097689288444874,
  "speech_rate": 0.699997564988712,
  "pause_frequency": 0.4936811457075969,
  "pause_duration_mean": 0.45152198421646,
  "pause_duration_std": 0.4555075038287684,
  "pause_duration_cv": 1.0088268561700813,
  "speaking_time_ratio": 0.699997564988712,
  "spectral_centroid_mean": 1279.704676819236,
  "spectral_centroid_std": 624.157373442861,
  "spectral_centroid_cv": 0.4877354789342744,
  "spectral_rolloff_mean": 2256.6937885774555,
  "spectral_rolloff_std": 1361.8685421275673,
  "spectral_bandwidth_mean": 1248.775409800176,
  "spectral_bandwidth_std": 495.7473384445165,
  "mfcc0_mean": -387.5860595703125,
  "mfcc1_mean": 85.84332275390625,
  "mfcc2_mean": -8.289103507995605,
  "mfcc3_mean": 4.352750778198242,
  "mfcc4_mean": -6.488104820251465,
  "mfcc5_mean": -16.6705265045166,
  "mfcc6_mean": -17.29450798034668,
  "mfcc7_mean": -15.489880561828613,
  "mfcc8_mean": -15.029333114624023,
  "mfcc9_mean": -8.945975303649902,
  "mfcc10_mean": -10.869997024536133,
  "mfcc11_mean": -9.373393058776855,
  "mfcc12_mean": -7.081661701202393,
  "mfcc0_std": 115.70672607421875,
  "mfcc1_std": 52.881858825683594,
  "mfcc2_std": 35.090301513671875,
  "mfcc3_std": 32.15987777709961,
  "mfcc4_std": 22.00569725036621,
  "mfcc5_std": 18.689388275146484,
  "mfcc6_std": 18.122833251953125,
  "mfcc7_std": 15.03059196472168,
  "mfcc8_std": 16.02322006225586,
  "mfcc9_std": 12.810148239135742,
  "mfcc10_std": 11.622427940368652,
  "mfcc11_std": 10.61782169342041,
  "mfcc12_std": 9.151893615722656,
  "smile_f0final_sma_amean": 147.3733673095703,
  "smile_f0final_sma_flatness": 0.953895628452301,
  "smile_f0final_sma_posamean": 147.3733673095703,
  "smile_f0final_sma_rqmean": 157.29544067382812,
  "smile_f0final_sma_range": 565.5485229492188,
  "smile_f0final_sma_maxpos": 0.5869969129562378,
  "smile_f0final_sma_minpos": 0.6795969605445862,
  "smile_f0final_sma_linregc1": -3.8331947393999144e-07,
  "smile_f0final_sma_linregc2": 0.20042794942855835,
  "smile_f0final_sma_linregerrq": 0.00906050018966198,
  "smile_f0final_sma_qregc1": -2.3984510124502867e-12,
  "smile_f0final_sma_qregc2": 4.516139995303092e-08,
  "smile_f0final_sma_qregc3": 0.18767006695270538,
  "smile_f0final_sma_qregerrq": 0.00902794674038887,
  "smile_f0final_sma_centroid": 0.4780977666378021,
  "smile_f0final_sma_quartile1": 123.04772186279297,
  "smile_f0final_sma_quartile2": 140.9421844482422,
  "smile_f0final_sma_quartile3": 159.88467407226562,
  "smile_f0final_sma_iqr1-2": 17.89446258544922,
  "smile_f0final_sma_iqr2-3": 18.942489624023438,
  "smile_f0final_sma_iqr1-3": 36.836952209472656,
  "smile_f0final_sma_percentile1.0": 78.13550567626953,
  "smile_f0final_sma_percentile99.0": 423.9117126464844,
  "smile_f0final_sma_pctlrange0-1": 345.7762145996094,
  "smile_f0final_sma_stddev": 54.981361389160156,
  "smile_f0final_sma_skewness": 3.8937761783599854,
  "smile_f0final_sma_kurtosis": 26.64569664001465,
  "smile_f0final_sma_upleveltime25": 0.07660229504108429,
  "smile_f0final_sma_upleveltime50": 0.014178561046719551,
  "smile_f0final_sma_upleveltime75": 0.0073103834874928,
  "smile_f0final_sma_upleveltime90": 0.002821158617734909,
  "smile_f0final_sma_risetime": 0.3858571946620941,
  "smile_f0final_sma_leftctime": 0.4956842362880707,
  "smile_f0final_sma_lpgain": 1011.7808837890625,
  "smile_f0final_sma_lpc0": -0.9619339108467102,
  "smile_f0final_sma_lpc1": 0.026049353182315826,
  "smile_f0final_sma_lpc2": 0.12063002586364746,
  "smile_f0final_sma_lpc3": -0.06909696012735367,
  "smile_f0final_sma_lpc4": -0.10006425529718399,
  "smile_f0final_sma_de_amean": -7.573665789095685e-05,
  "smile_f0final_sma_de_flatness": 0.016341671347618103,
  "smile_f0final_sma_de_posamean": 0.00020245650375727564,
  "smile_f0final_sma_de_rqmean": 0.018129650503396988,
  "smile_f0final_sma_de_range": 5.307433128356934,
  "smile_f0final_sma_de_maxpos": 7.562961400253698e-05,
  "smile_f0final_sma_de_minpos": 1.2604936273419298e-05,
  "smile_f0final_sma_de_linregc1": 5.339894637579334e-10,
  "smile_f0final_sma_de_linregc2": 0.8320875763893127,
  "smile_f0final_sma_de_linregerrq": 1.1667558283079416e-05,
  "smile_f0final_sma_de_qregc1": -1.6805628340766515e-14,
  "smile_f0final_sma_de_qregc2": 3.2004880967662075e-09,
  "smile_f0final_sma_de_qregc3": 0.8320170640945435,
  "smile_f0final_sma_de_qregerrq": 1.1666564205370378e-05,
  "smile_f0final_sma_de_centroid": 0.019918670877814293,
  "smile_f0final_sma_de_quartile1": -4.9134341679746285e-06,
  "smile_f0final_sma_de_quartile2": -8.906451967050089e-07,
  "smile_f0final_sma_de_quartile3": 1.843881250351842e-06,
  "smile_f0final_sma_de_iqr1-2": 4.022788743895944e-06,
  "smile_f0final_sma_de_iqr2-3": 2.734526333370013e-06,
  "smile_f0final_sma_de_iqr1-3": 6.757315532013308e-06,
  "smile_f0final_sma_de_percentile1.0": -0.00020777381723746657,
  "smile_f0final_sma_de_percentile99.0": 0.000200098060304299,
  "smile_f0final_sma_de_pctlrange0-1": 0.00040787187754176557,
  "smile_f0final_sma_de_stddev": 0.018129492178559303,
  "smile_f0final_sma_de_skewness": -182.38279724121094,
  "smile_f0final_sma_de_kurtosis": 39230.36328125,
  "smile_f0final_sma_de_upleveltime25": 0.9999811053276062,
  "smile_f0final_sma_de_upleveltime50": 0.99997478723526,
  "smile_f0final_sma_de_upleveltime75": 0.9999432563781738,
  "smile_f0final_sma_de_upleveltime90": 3.1512339774053544e-05,
  "smile_f0final_sma_de_risetime": 0.5041565299034119,
  "smile_f0final_sma_de_leftctime": 0.48881298303604126,
  "smile_f0final_sma_de_lpgain": 8.281806367449462e-05,
  "smile_f0final_sma_de_lpc0": -1.280137300491333,
  "smile_f0final_sma_de_lpc1": 0.6257722973823547,
  "smile_f0final_sma_de_lpc2": -0.023182686418294907,
  "smile_f0final_sma_de_lpc3": -0.11770059168338776,
  "smile_f0final_sma_de_lpc4": 0.052034709602594376,
  "smile_f0final_sma_ff0_nnz": 0.4971683919429779,
  "smile_f0final_sma_ff0_meanseglen": 0.13339999318122864,
  "smile_f0final_sma_ff0_maxseglen": 0.85999995470047,
  "smile_f0final_sma_ff0_minseglen": 0.019999999552965164,
  "smile_f0final_sma_ff0_seglenstddev": 0.11686934530735016,
  "duration_s": 3593.4125,
  "file_id": "4360674",
  "f0_cv_ci_lower": 0.33070470092835874,
  "f0_cv_ci_upper": 0.34040246553501174,
  "f0_cv_ci_width": 0.009697764606653003,
  "acoustic_volatility_index": 6.53758070454401
}