{
  "f0_mean": 148.2359599289835,
  "f0_std": 64.45756987065262,
  "f0_median": 129.08253175319177,
  "f0_mad": 22.771938451511517,
  "f0_cv": 0.43483085953997114,
  "f0_min": 74.96034902669658,
  "f0_max": 499.90148810457697,
  "f0_range": 424.9411390778804,
  "f0_p05": 93.34254727119747,
  "f0_p25": 110.03719669810435,
  "f0_p75": 161.496043735025,
  "f0_p95": 291.0990958947909,
  "f0_iqr": 51.45884703692066,
  "f0_skewness": 2.5631148063596356,
  "f0_kurtosis": 7.751093963696885,
  "voiced_fraction": 0.4224302988727001,
  "jitter_local": 0.022776859981041883,
  "jitter_ddp": 0.03191479699754984,
  "shimmer_local": 0.15367100567253,
  "shimmer_apq3": 0.06454538446623588,
  "hnr_mean": 10.457418297984159,
  "hnr_std": 5.145367561435399,
  "hnr_p05": 2.7304440331217625,
  "speech_rate": 0.7000003199621164,
  "pause_frequency": 0.487622265523762,
  "pause_duration_mean": 0.4886509186351707,
  "pause_duration_std": 0.5101608170416099,
  "pause_duration_cv": 1.0440189460126619,
  "speaking_time_ratio": 0.7000003199621164,
  "spectral_centroid_mean": 1200.9327914919031,
  "spectral_centroid_std": 592.1164509733302,
  "spectral_centroid_cv": 0.4930471173476341,
  "spectral_rolloff_mean": 1960.7997565732892,
  "spectral_rolloff_std": 1084.4979507769385,
  "spectral_bandwidth_mean": 1162.4424255059785,
  "spectral_bandwidth_std": 433.3690886637459,
  "mfcc0_mean": -362.6423034667969,
  "mfcc1_mean": 79.4434585571289,
  "mfcc2_mean": -4.180049419403076,
  "mfcc3_mean": 3.5935871601104736,
  "mfcc4_mean": -10.433455467224121,
  "mfcc5_mean": -19.159391403198242,
  "mfcc6_mean": -19.681377410888672,
  "mfcc7_mean": -16.96926498413086,
  "mfcc8_mean": -11.987238883972168,
  "mfcc9_mean": -4.6428985595703125,
  "mfcc10_mean": -5.216736316680908,
  "mfcc11_mean": -6.948465824127197,
  "mfcc12_mean": -7.315743923187256,
  "mfcc0_std": 116.2364501953125,
  "mfcc1_std": 52.20530700683594,
  "mfcc2_std": 34.45543670654297,
  "mfcc3_std": 34.66947555541992,
  "mfcc4_std": 27.300498962402344,
  "mfcc5_std": 22.635913848876953,
  "mfcc6_std": 20.962148666381836,
  "mfcc7_std": 18.648170471191406,
  "mfcc8_std": 15.969440460205078,
  "mfcc9_std": 15.291411399841309,
  "mfcc10_std": 13.059318542480469,
  "mfcc11_std": 11.25020694732666,
  "mfcc12_std": 11.112395286560059,
  "smile_f0final_sma_amean": 187.34371948242188,
  "smile_f0final_sma_flatness": 0.9046244621276855,
  "smile_f0final_sma_posamean": 187.34371948242188,
  "smile_f0final_sma_rqmean": 211.43626403808594,
  "smile_f0final_sma_range": 566.3653564453125,
  "smile_f0final_sma_maxpos": 0.7634221911430359,
  "smile_f0final_sma_minpos": 0.6078851222991943,
  "smile_f0final_sma_linregc1": 1.2605680055344237e-08,
  "smile_f0final_sma_linregc2": 0.23541252315044403,
  "smile_f0final_sma_linregerrq": 0.029951175674796104,
  "smile_f0final_sma_qregc1": 3.6071180764540856e-12,
  "smile_f0final_sma_qregc2": -7.584807235616609e-07,
  "smile_f0final_sma_qregc3": 0.2628846764564514,
  "smile_f0final_sma_qregerrq": 0.029800228774547577,
  "smile_f0final_sma_centroid": 0.5006765723228455,
  "smile_f0final_sma_quartile1": 124.08712768554688,
  "smile_f0final_sma_quartile2": 156.56915283203125,
  "smile_f0final_sma_quartile3": 210.9049072265625,
  "smile_f0final_sma_iqr1-2": 32.482025146484375,
  "smile_f0final_sma_iqr2-3": 54.33575439453125,
  "smile_f0final_sma_iqr1-3": 86.81777954101562,
  "smile_f0final_sma_percentile1.0": 89.97241973876953,
  "smile_f0final_sma_percentile99.0": 580.42578125,
  "smile_f0final_sma_pctlrange0-1": 490.453369140625,
  "smile_f0final_sma_stddev": 98.01849365234375,
  "smile_f0final_sma_skewness": 2.0734918117523193,
  "smile_f0final_sma_kurtosis": 7.6769304275512695,
  "smile_f0final_sma_upleveltime25": 0.3072662651538849,
  "smile_f0final_sma_upleveltime50": 0.08796878904104233,
  "smile_f0final_sma_upleveltime75": 0.030158722773194313,
  "smile_f0final_sma_upleveltime90": 0.013902857899665833,
  "smile_f0final_sma_risetime": 0.40899011492729187,
  "smile_f0final_sma_leftctime": 0.5017939805984497,
  "smile_f0final_sma_lpgain": 2179.765625,
  "smile_f0final_sma_lpc0": -1.0459388494491577,
  "smile_f0final_sma_lpc1": 0.044778093695640564,
  "smile_f0final_sma_lpc2": 0.12874934077262878,
  "smile_f0final_sma_lpc3": -0.026743605732917786,
  "smile_f0final_sma_lpc4": -0.07793908566236496,
  "smile_f0final_sma_de_amean": 2.8137962999608135e-06,
  "smile_f0final_sma_de_flatness": 0.03614424914121628,
  "smile_f0final_sma_de_posamean": 0.00019921897910535336,
  "smile_f0final_sma_de_rqmean": 0.011703523807227612,
  "smile_f0final_sma_de_range": 4.674298286437988,
  "smile_f0final_sma_de_maxpos": 1.5384299331344664e-05,
  "smile_f0final_sma_de_minpos": 3.589670086512342e-05,
  "smile_f0final_sma_de_linregc1": -2.803097164105761e-11,
  "smile_f0final_sma_de_linregc2": 0.5141021013259888,
  "smile_f0final_sma_de_linregerrq": 6.269028745009564e-06,
  "smile_f0final_sma_de_qregc1": 8.475911949061001e-16,
  "smile_f0final_sma_de_qregc2": -1.9331379552678385e-10,
  "smile_f0final_sma_de_qregc3": 0.5141074657440186,
  "smile_f0final_sma_de_qregerrq": 6.269022833294002e-06,
  "smile_f0final_sma_de_centroid": 0.06588099896907806,
  "smile_f0final_sma_de_quartile1": -6.256431788642658e-06,
  "smile_f0final_sma_de_quartile2": -6.713462425977923e-07,
  "smile_f0final_sma_de_quartile3": 3.343390744703356e-06,
  "smile_f0final_sma_de_iqr1-2": 5.585085546044866e-06,
  "smile_f0final_sma_de_iqr2-3": 4.0147369873011485e-06,
  "smile_f0final_sma_de_iqr1-3": 9.599822078598663e-06,
  "smile_f0final_sma_de_percentile1.0": -0.0004931342555209994,
  "smile_f0final_sma_de_percentile99.0": 0.000451429485110566,
  "smile_f0final_sma_de_pctlrange0-1": 0.0009445637697353959,
  "smile_f0final_sma_de_stddev": 0.011703523807227612,
  "smile_f0final_sma_de_skewness": -10.090677261352539,
  "smile_f0final_sma_de_kurtosis": 28688.35546875,
  "smile_f0final_sma_de_upleveltime25": 0.999984622001648,
  "smile_f0final_sma_de_upleveltime50": 0.9999282360076904,
  "smile_f0final_sma_de_upleveltime75": 1.5384299331344664e-05,
  "smile_f0final_sma_de_upleveltime90": 5.128099928697338e-06,
  "smile_f0final_sma_de_risetime": 0.5130126476287842,
  "smile_f0final_sma_de_leftctime": 0.5068922638893127,
  "smile_f0final_sma_de_lpgain": 1.4929776625649538e-05,
  "smile_f0final_sma_de_lpc0": -1.6193733215332031,
  "smile_f0final_sma_de_lpc1": 0.9882456064224243,
  "smile_f0final_sma_de_lpc2": 0.14678813517093658,
  "smile_f0final_sma_de_lpc3": -0.37168088555336,
  "smile_f0final_sma_de_lpc4": 0.14425833523273468,
  "smile_f0final_sma_ff0_nnz": 0.5471991300582886,
  "smile_f0final_sma_ff0_meanseglen": 0.23600000143051147,
  "smile_f0final_sma_ff0_maxseglen": 2.309999942779541,
  "smile_f0final_sma_ff0_minseglen": 0.019999999552965164,
  "smile_f0final_sma_ff0_seglenstddev": 0.2944519817829132,
  "duration_s": 3906.7125,
  "file_id": "4360366",
  "f0_cv_ci_lower": 0.5641034956557679,
  "f0_cv_ci_upper": 0.5706197741662964,
  "f0_cv_ci_width": 0.006516278510528495,
  "acoustic_volatility_index": 9.33265218338016
}