{
  "f0_mean": 189.8898830466247,
  "f0_std": 56.281695483646295,
  "f0_median": 183.74564044696172,
  "f0_mad": 35.739416174020974,
  "f0_cv": 0.29639122727684836,
  "f0_min": 74.9851558914145,
  "f0_max": 499.8983317998195,
  "f0_range": 424.91317590840504,
  "f0_p05": 117.89347542176591,
  "f0_p25": 147.88173076956372,
  "f0_p75": 219.24265348768967,
  "f0_p95": 290.3645702179716,
  "f0_iqr": 71.36092271812595,
  "f0_skewness": 1.218439801816079,
  "f0_kurtosis": 2.761340042026604,
  "voiced_fraction": 0.5292836925756587,
  "jitter_local": 0.018314010605876226,
  "jitter_ddp": 0.022690679107843285,
  "shimmer_local": 0.085340923445707,
  "shimmer_apq3": 0.03048776984297187,
  "hnr_mean": 15.311671694243957,
  "hnr_std": 7.3397892084670415,
  "hnr_p05": 2.764919831214009,
  "speech_rate": 0.7000022679336856,
  "pause_frequency": 0.4327217472161114,
  "pause_duration_mean": 0.5913836477987422,
  "pause_duration_std": 2.8912405071914082,
  "pause_duration_cv": 4.888942259315472,
  "speaking_time_ratio": 0.7000022679336856,
  "spectral_centroid_mean": 1663.9838231656984,
  "spectral_centroid_std": 1011.5639847719839,
  "spectral_centroid_cv": 0.6079169584999343,
  "spectral_rolloff_mean": 2975.0343094286645,
  "spectral_rolloff_std": 1834.3151567025857,
  "spectral_bandwidth_mean": 1500.3240357854522,
  "spectral_bandwidth_std": 524.501485289981,
  "mfcc0_mean": -277.8907165527344,
  "mfcc1_mean": 67.87578582763672,
  "mfcc2_mean": -8.848766326904297,
  "mfcc3_mean": 3.736525058746338,
  "mfcc4_mean": -5.1204915046691895,
  "mfcc5_mean": -10.47428035736084,
  "mfcc6_mean": -19.10245704650879,
  "mfcc7_mean": -9.969950675964355,
  "mfcc8_mean": -10.113554954528809,
  "mfcc9_mean": -7.785335540771484,
  "mfcc10_mean": -7.584228515625,
  "mfcc11_mean": -9.786601066589355,
  "mfcc12_mean": -7.458866596221924,
  "mfcc0_std": 145.44329833984375,
  "mfcc1_std": 57.49837112426758,
  "mfcc2_std": 32.83133316040039,
  "mfcc3_std": 28.0572509765625,
  "mfcc4_std": 20.281095504760742,
  "mfcc5_std": 17.108577728271484,
  "mfcc6_std": 17.43408203125,
  "mfcc7_std": 14.4164400100708,
  "mfcc8_std": 15.616287231445312,
  "mfcc9_std": 12.939522743225098,
  "mfcc10_std": 10.768739700317383,
  "mfcc11_std": 9.840028762817383,
  "mfcc12_std": 9.643546104431152,
  "smile_f0final_sma_amean": 197.01412963867188,
  "smile_f0final_sma_flatness": 0.9548436403274536,
  "smile_f0final_sma_posamean": 197.01412963867188,
  "smile_f0final_sma_rqmean": 207.5867919921875,
  "smile_f0final_sma_range": 566.2646484375,
  "smile_f0final_sma_maxpos": 0.8164777755737305,
  "smile_f0final_sma_minpos": 0.550355851650238,
  "smile_f0final_sma_linregc1": -4.755845495196809e-08,
  "smile_f0final_sma_linregc2": 0.2599447965621948,
  "smile_f0final_sma_linregerrq": 0.013328145258128643,
  "smile_f0final_sma_qregc1": 3.3704868323408688e-12,
  "smile_f0final_sma_qregc2": -9.104604146159545e-07,
  "smile_f0final_sma_qregc3": 0.2967642545700073,
  "smile_f0final_sma_qregerrq": 0.013057003729045391,
  "smile_f0final_sma_centroid": 0.4970816969871521,
  "smile_f0final_sma_quartile1": 150.8531494140625,
  "smile_f0final_sma_quartile2": 187.66986083984375,
  "smile_f0final_sma_quartile3": 224.2636260986328,
  "smile_f0final_sma_iqr1-2": 36.81671142578125,
  "smile_f0final_sma_iqr2-3": 36.59376525878906,
  "smile_f0final_sma_iqr1-3": 73.41047668457031,
  "smile_f0final_sma_percentile1.0": 104.79264831542969,
  "smile_f0final_sma_percentile99.0": 448.02630615234375,
  "smile_f0final_sma_pctlrange0-1": 343.233642578125,
  "smile_f0final_sma_stddev": 65.40418243408203,
  "smile_f0final_sma_skewness": 1.8926103115081787,
  "smile_f0final_sma_kurtosis": 9.311854362487793,
  "smile_f0final_sma_upleveltime25": 0.4478161633014679,
  "smile_f0final_sma_upleveltime50": 0.03881758451461792,
  "smile_f0final_sma_upleveltime75": 0.00701903784647584,
  "smile_f0final_sma_upleveltime90": 0.002452952554449439,
  "smile_f0final_sma_risetime": 0.40406692028045654,
  "smile_f0final_sma_leftctime": 0.484309583902359,
  "smile_f0final_sma_lpgain": 681.4022216796875,
  "smile_f0final_sma_lpc0": -1.020635724067688,
  "smile_f0final_sma_lpc1": 0.04350781440734863,
  "smile_f0final_sma_lpc2": 0.07683113217353821,
  "smile_f0final_sma_lpc3": -0.017425067722797394,
  "smile_f0final_sma_lpc4": -0.07539404928684235,
  "smile_f0final_sma_de_amean": 5.847924057889031e-06,
  "smile_f0final_sma_de_flatness": 0.12431918829679489,
  "smile_f0final_sma_de_posamean": 4.7748919314472005e-05,
  "smile_f0final_sma_de_rqmean": 0.0018236159812659025,
  "smile_f0final_sma_de_range": 0.7634618282318115,
  "smile_f0final_sma_de_maxpos": 8.384373359149322e-06,
  "smile_f0final_sma_de_minpos": 2.5153120077447966e-05,
  "smile_f0final_sma_de_linregc1": -2.0823465174402145e-10,
  "smile_f0final_sma_de_linregc2": 0.06400800496339798,
  "smile_f0final_sma_de_linregerrq": 5.70521478948649e-06,
  "smile_f0final_sma_de_qregc1": 4.599968274126773e-15,
  "smile_f0final_sma_de_qregc2": -1.3055018177610123e-09,
  "smile_f0final_sma_de_qregc3": 0.06405162811279297,
  "smile_f0final_sma_de_qregerrq": 5.704834165953798e-06,
  "smile_f0final_sma_de_centroid": 0.11197122186422348,
  "smile_f0final_sma_de_quartile1": -5.281252924760338e-06,
  "smile_f0final_sma_de_quartile2": -9.267226346310053e-07,
  "smile_f0final_sma_de_quartile3": 2.4473165467497893e-06,
  "smile_f0final_sma_de_iqr1-2": 4.354530119599076e-06,
  "smile_f0final_sma_de_iqr2-3": 3.3740391245373758e-06,
  "smile_f0final_sma_de_iqr1-3": 7.728569471510127e-06,
  "smile_f0final_sma_de_percentile1.0": -0.00017141448915936053,
  "smile_f0final_sma_de_percentile99.0": 0.00015167683886829764,
  "smile_f0final_sma_de_pctlrange0-1": 0.0003230913425795734,
  "smile_f0final_sma_de_stddev": 0.0018236065516248345,
  "smile_f0final_sma_de_skewness": 330.62933349609375,
  "smile_f0final_sma_de_kurtosis": 118775.2265625,
  "smile_f0final_sma_de_upleveltime25": 1.2576560038723983e-05,
  "smile_f0final_sma_de_upleveltime50": 8.384373359149322e-06,
  "smile_f0final_sma_de_upleveltime75": 4.192186679574661e-06,
  "smile_f0final_sma_de_upleveltime90": 4.192186679574661e-06,
  "smile_f0final_sma_de_risetime": 0.4901399314403534,
  "smile_f0final_sma_de_leftctime": 0.4964387118816376,
  "smile_f0final_sma_de_lpgain": 1.5443425809280598e-06,
  "smile_f0final_sma_de_lpc0": -1.0323750972747803,
  "smile_f0final_sma_de_lpc1": 0.8265070915222168,
  "smile_f0final_sma_de_lpc2": -0.5934007167816162,
  "smile_f0final_sma_de_lpc3": 0.4099223017692566,
  "smile_f0final_sma_de_lpc4": -0.19085916876792908,
  "smile_f0final_sma_ff0_nnz": 0.5806410908699036,
  "smile_f0final_sma_ff0_meanseglen": 0.26330000162124634,
  "smile_f0final_sma_ff0_maxseglen": 0.9300000071525574,
  "smile_f0final_sma_ff0_minseglen": 0.019999999552965164,
  "smile_f0final_sma_ff0_seglenstddev": 0.2096189707517624,
  "duration_s": 4409.3,
  "file_id": "4361631",
  "f0_cv_ci_lower": 0.3119077013177975,
  "f0_cv_ci_upper": 0.3150037017639141,
  "f0_cv_ci_width": 0.0030960004461166313,
  "acoustic_volatility_index": 13.293575537304108
}