{
  "f0_mean": 141.29160893121914,
  "f0_std": 67.8702159770841,
  "f0_median": 124.46202945010856,
  "f0_mad": 19.48281627994743,
  "f0_cv": 0.480355602788297,
  "f0_min": 74.9405766654592,
  "f0_max": 499.9087830878018,
  "f0_range": 424.9682064223426,
  "f0_p05": 89.22661101234245,
  "f0_p25": 106.7623280879143,
  "f0_p75": 146.6311885709572,
  "f0_p95": 277.9492315749807,
  "f0_iqr": 39.868860483042894,
  "f0_skewness": 3.1920692523925505,
  "f0_kurtosis": 11.068779297164179,
  "voiced_fraction": 0.29988329299901195,
  "jitter_local": 0.019668614270530613,
  "jitter_ddp": 0.02548257891240732,
  "shimmer_local": 0.1335162358285127,
  "shimmer_apq3": 0.05556378871182737,
  "hnr_mean": 11.03578712921805,
  "hnr_std": 5.277021683373287,
  "hnr_p05": 2.340866429708365,
  "speech_rate": 0.7000029087133864,
  "pause_frequency": 0.5752987584268783,
  "pause_duration_mean": 0.42092719352831365,
  "pause_duration_std": 0.5606030725072503,
  "pause_duration_cv": 1.3318290695550925,
  "speaking_time_ratio": 0.7000029087133864,
  "spectral_centroid_mean": 1228.4495115741947,
  "spectral_centroid_std": 640.7811738172384,
  "spectral_centroid_cv": 0.521617834335015,
  "spectral_rolloff_mean": 2073.628143190589,
  "spectral_rolloff_std": 1239.1724608795998,
  "spectral_bandwidth_mean": 1143.5202768604556,
  "spectral_bandwidth_std": 507.0051181628637,
  "mfcc0_mean": -398.7268371582031,
  "mfcc1_mean": 74.15159606933594,
  "mfcc2_mean": -5.440286159515381,
  "mfcc3_mean": 9.768350601196289,
  "mfcc4_mean": -1.0592652559280396,
  "mfcc5_mean": -19.34636688232422,
  "mfcc6_mean": -17.330219268798828,
  "mfcc7_mean": -13.5943021774292,
  "mfcc8_mean": -14.9152193069458,
  "mfcc9_mean": -9.873136520385742,
  "mfcc10_mean": -6.929925918579102,
  "mfcc11_mean": -6.336757183074951,
  "mfcc12_mean": -4.403811931610107,
  "mfcc0_std": 105.15180969238281,
  "mfcc1_std": 51.70302200317383,
  "mfcc2_std": 31.947105407714844,
  "mfcc3_std": 31.030012130737305,
  "mfcc4_std": 20.821361541748047,
  "mfcc5_std": 18.197715759277344,
  "mfcc6_std": 16.580106735229492,
  "mfcc7_std": 14.279719352722168,
  "mfcc8_std": 14.263956069946289,
  "mfcc9_std": 13.69238567352295,
  "mfcc10_std": 10.191422462463379,
  "mfcc11_std": 9.162216186523438,
  "mfcc12_std": 9.116312980651855,
  "smile_f0final_sma_amean": 151.3162078857422,
  "smile_f0final_sma_flatness": 0.9219568371772766,
  "smile_f0final_sma_posamean": 151.3162078857422,
  "smile_f0final_sma_rqmean": 169.711669921875,
  "smile_f0final_sma_range": 562.22216796875,
  "smile_f0final_sma_maxpos": 0.749695360660553,
  "smile_f0final_sma_minpos": 0.004695171024650335,
  "smile_f0final_sma_linregc1": 9.270321044141383e-08,
  "smile_f0final_sma_linregc2": 0.15495438873767853,
  "smile_f0final_sma_linregerrq": 0.018637144938111305,
  "smile_f0final_sma_qregc1": 9.202499873239844e-13,
  "smile_f0final_sma_qregc2": -1.3916299224092654e-07,
  "smile_f0final_sma_qregc3": 0.16469117999076843,
  "smile_f0final_sma_qregerrq": 0.018618183210492134,
  "smile_f0final_sma_centroid": 0.5072302222251892,
  "smile_f0final_sma_quartile1": 110.23892974853516,
  "smile_f0final_sma_quartile2": 129.4586181640625,
  "smile_f0final_sma_quartile3": 157.7716064453125,
  "smile_f0final_sma_iqr1-2": 19.219688415527344,
  "smile_f0final_sma_iqr2-3": 28.31298828125,
  "smile_f0final_sma_iqr1-3": 47.532676696777344,
  "smile_f0final_sma_percentile1.0": 82.54721069335938,
  "smile_f0final_sma_percentile99.0": 503.1766662597656,
  "smile_f0final_sma_pctlrange0-1": 420.62945556640625,
  "smile_f0final_sma_stddev": 76.84696960449219,
  "smile_f0final_sma_skewness": 2.9705142974853516,
  "smile_f0final_sma_kurtosis": 13.376165390014648,
  "smile_f0final_sma_upleveltime25": 0.13697755336761475,
  "smile_f0final_sma_upleveltime50": 0.04102618992328644,
  "smile_f0final_sma_upleveltime75": 0.0134584316983819,
  "smile_f0final_sma_upleveltime90": 0.003679140703752637,
  "smile_f0final_sma_risetime": 0.4027702808380127,
  "smile_f0final_sma_leftctime": 0.48411446809768677,
  "smile_f0final_sma_lpgain": 1798.3104248046875,
  "smile_f0final_sma_lpc0": -0.9750796556472778,
  "smile_f0final_sma_lpc1": 0.02875349670648575,
  "smile_f0final_sma_lpc2": 0.09651090949773788,
  "smile_f0final_sma_lpc3": -0.038442447781562805,
  "smile_f0final_sma_lpc4": -0.08572226762771606,
  "smile_f0final_sma_de_amean": -1.5901085134828463e-05,
  "smile_f0final_sma_de_flatness": 0.052694011479616165,
  "smile_f0final_sma_de_posamean": 4.6460929297609255e-05,
  "smile_f0final_sma_de_rqmean": 0.002211743500083685,
  "smile_f0final_sma_de_range": 0.7950310707092285,
  "smile_f0final_sma_de_maxpos": 0.00011287802772130817,
  "smile_f0final_sma_de_minpos": 0.0001264233869733289,
  "smile_f0final_sma_de_linregc1": 5.5195564785393e-10,
  "smile_f0final_sma_de_linregc2": 0.7302205562591553,
  "smile_f0final_sma_de_linregerrq": 7.737648957117926e-06,
  "smile_f0final_sma_de_qregc1": -1.2671068248739249e-14,
  "smile_f0final_sma_de_qregc2": 3.3583056335828587e-09,
  "smile_f0final_sma_de_qregc3": 0.7301169633865356,
  "smile_f0final_sma_de_qregerrq": 7.735502549621742e-06,
  "smile_f0final_sma_de_centroid": 0.08109623938798904,
  "smile_f0final_sma_de_quartile1": -3.0090504878899083e-06,
  "smile_f0final_sma_de_quartile2": -4.992244839741034e-07,
  "smile_f0final_sma_de_quartile3": 1.7627601209824206e-06,
  "smile_f0final_sma_de_iqr1-2": 2.5098261176026426e-06,
  "smile_f0final_sma_de_iqr2-3": 2.2619847186433617e-06,
  "smile_f0final_sma_de_iqr1-3": 4.7718103814986534e-06,
  "smile_f0final_sma_de_percentile1.0": -0.00021458242554217577,
  "smile_f0final_sma_de_percentile99.0": 0.0002161321899620816,
  "smile_f0final_sma_de_pctlrange0-1": 0.0004307146300561726,
  "smile_f0final_sma_de_stddev": 0.0022116864565759897,
  "smile_f0final_sma_de_skewness": -143.54605102539062,
  "smile_f0final_sma_de_kurtosis": 32613.095703125,
  "smile_f0final_sma_de_upleveltime25": 0.999986469745636,
  "smile_f0final_sma_de_upleveltime50": 0.9999819397926331,
  "smile_f0final_sma_de_upleveltime75": 5.869657616131008e-05,
  "smile_f0final_sma_de_upleveltime90": 9.03024192666635e-06,
  "smile_f0final_sma_de_risetime": 0.4940151870250702,
  "smile_f0final_sma_de_leftctime": 0.49752116203308105,
  "smile_f0final_sma_de_lpgain": 1.251692310688668e-06,
  "smile_f0final_sma_de_lpc0": -1.3738627433776855,
  "smile_f0final_sma_de_lpc1": 0.9987475275993347,
  "smile_f0final_sma_de_lpc2": -0.33745041489601135,
  "smile_f0final_sma_de_lpc3": 0.0030996762216091156,
  "smile_f0final_sma_de_lpc4": -0.036277059465646744,
  "smile_f0final_sma_ff0_nnz": 0.4510095715522766,
  "smile_f0final_sma_ff0_meanseglen": 0.1446000039577484,
  "smile_f0final_sma_ff0_maxseglen": 0.6399999856948853,
  "smile_f0final_sma_ff0_minseglen": 0.019999999552965164,
  "smile_f0final_sma_ff0_seglenstddev": 0.11509490013122559,
  "duration_s": 5586.6625,
  "file_id": "4363614",
  "f0_cv_ci_lower": 0.5573353793304451,
  "f0_cv_ci_upper": 0.5641153982229338,
  "f0_cv_ci_width": 0.006780018892488693,
  "acoustic_volatility_index": 7.450956350076589
}