{
  "f0_mean": 146.11422187760198,
  "f0_std": 64.18216382256446,
  "f0_median": 120.50286014078335,
  "f0_mad": 23.330989202822806,
  "f0_cv": 0.43926021025064244,
  "f0_min": 74.94703467181913,
  "f0_max": 499.84641944878246,
  "f0_range": 424.8993847769633,
  "f0_p05": 87.51115622085247,
  "f0_p25": 103.15794210411502,
  "f0_p75": 174.19458408454545,
  "f0_p95": 287.9536413722693,
  "f0_iqr": 71.03664198043043,
  "f0_skewness": 1.8128693971870926,
  "f0_kurtosis": 3.6045550776406845,
  "voiced_fraction": 0.26042850047668253,
  "jitter_local": 0.02268763722430635,
  "jitter_ddp": 0.02748269043797518,
  "shimmer_local": 0.12681559143505705,
  "shimmer_apq3": 0.055703016424612666,
  "hnr_mean": 12.08367111428942,
  "hnr_std": 4.8963942899114175,
  "hnr_p05": 4.20720764036772,
  "speech_rate": 0.6999975024351258,
  "pause_frequency": 0.45327234517773746,
  "pause_duration_mean": 0.5391435768261964,
  "pause_duration_std": 0.7452234273797824,
  "pause_duration_cv": 1.3822355665752835,
  "speaking_time_ratio": 0.6999975024351258,
  "spectral_centroid_mean": 1171.6512112653793,
  "spectral_centroid_std": 735.9599635879989,
  "spectral_centroid_cv": 0.6281391223870837,
  "spectral_rolloff_mean": 2042.769948721535,
  "spectral_rolloff_std": 1648.513371593063,
  "spectral_bandwidth_mean": 1153.7017155761305,
  "spectral_bandwidth_std": 585.2681460473389,
  "mfcc0_mean": -439.06793212890625,
  "mfcc1_mean": 85.47655487060547,
  "mfcc2_mean": 3.6155264377593994,
  "mfcc3_mean": -5.124881744384766,
  "mfcc4_mean": -13.092611312866211,
  "mfcc5_mean": -18.584165573120117,
  "mfcc6_mean": -14.025734901428223,
  "mfcc7_mean": -9.013395309448242,
  "mfcc8_mean": -10.268291473388672,
  "mfcc9_mean": -11.637877464294434,
  "mfcc10_mean": -11.244675636291504,
  "mfcc11_mean": -9.982224464416504,
  "mfcc12_mean": -9.73458194732666,
  "mfcc0_std": 90.78569030761719,
  "mfcc1_std": 56.58761215209961,
  "mfcc2_std": 30.761791229248047,
  "mfcc3_std": 27.530010223388672,
  "mfcc4_std": 23.832239151000977,
  "mfcc5_std": 20.059701919555664,
  "mfcc6_std": 17.699949264526367,
  "mfcc7_std": 15.36673355102539,
  "mfcc8_std": 14.204015731811523,
  "mfcc9_std": 14.613574028015137,
  "mfcc10_std": 12.549695014953613,
  "mfcc11_std": 10.55687141418457,
  "mfcc12_std": 10.001729011535645,
  "smile_f0final_sma_amean": 164.9547882080078,
  "smile_f0final_sma_flatness": 0.9148925542831421,
  "smile_f0final_sma_posamean": 164.9547882080078,
  "smile_f0final_sma_rqmean": 183.40475463867188,
  "smile_f0final_sma_range": 565.0660400390625,
  "smile_f0final_sma_maxpos": 0.42114436626434326,
  "smile_f0final_sma_minpos": 0.9929537773132324,
  "smile_f0final_sma_linregc1": -9.750164764454894e-08,
  "smile_f0final_sma_linregc2": 0.2041129469871521,
  "smile_f0final_sma_linregerrq": 0.020105332136154175,
  "smile_f0final_sma_qregc1": -1.7055416324032735e-12,
  "smile_f0final_sma_qregc2": 1.9804140549695148e-07,
  "smile_f0final_sma_qregc3": 0.19557751715183258,
  "smile_f0final_sma_qregerrq": 0.02009076066315174,
  "smile_f0final_sma_centroid": 0.4951740503311157,
  "smile_f0final_sma_quartile1": 108.02835083007812,
  "smile_f0final_sma_quartile2": 142.24465942382812,
  "smile_f0final_sma_quartile3": 196.0417022705078,
  "smile_f0final_sma_iqr1-2": 34.21630859375,
  "smile_f0final_sma_iqr2-3": 53.79704284667969,
  "smile_f0final_sma_iqr1-3": 88.01335144042969,
  "smile_f0final_sma_percentile1.0": 82.91739654541016,
  "smile_f0final_sma_percentile99.0": 522.9765014648438,
  "smile_f0final_sma_pctlrange0-1": 440.0591125488281,
  "smile_f0final_sma_stddev": 80.16995239257812,
  "smile_f0final_sma_skewness": 2.2347700595855713,
  "smile_f0final_sma_kurtosis": 10.231488227844238,
  "smile_f0final_sma_upleveltime25": 0.25140663981437683,
  "smile_f0final_sma_upleveltime50": 0.038110628724098206,
  "smile_f0final_sma_upleveltime75": 0.01312866061925888,
  "smile_f0final_sma_upleveltime90": 0.006976945325732231,
  "smile_f0final_sma_risetime": 0.40592899918556213,
  "smile_f0final_sma_leftctime": 0.49708858132362366,
  "smile_f0final_sma_lpgain": 1668.2525634765625,
  "smile_f0final_sma_lpc0": -1.017307996749878,
  "smile_f0final_sma_lpc1": 0.04169430583715439,
  "smile_f0final_sma_lpc2": 0.10713548213243484,
  "smile_f0final_sma_lpc3": -0.0314318910241127,
  "smile_f0final_sma_lpc4": -0.07802028208971024,
  "smile_f0final_sma_de_amean": -3.658315790744382e-06,
  "smile_f0final_sma_de_flatness": 0.07607732713222504,
  "smile_f0final_sma_de_posamean": 0.00010549096623435616,
  "smile_f0final_sma_de_rqmean": 0.002606762573122978,
  "smile_f0final_sma_de_range": 0.6427692174911499,
  "smile_f0final_sma_de_maxpos": 0.00012179096665931866,
  "smile_f0final_sma_de_minpos": 1.2820101801480632e-05,
  "smile_f0final_sma_de_linregc1": 2.110268348953781e-10,
  "smile_f0final_sma_de_linregc2": 0.7504261136054993,
  "smile_f0final_sma_de_linregerrq": 1.6447107554995455e-05,
  "smile_f0final_sma_de_qregc1": -6.6588660820943776e-15,
  "smile_f0final_sma_de_qregc2": 1.2498365675739365e-09,
  "smile_f0final_sma_de_qregc3": 0.750399112701416,
  "smile_f0final_sma_de_qregerrq": 1.644696203584317e-05,
  "smile_f0final_sma_de_centroid": 0.10536599159240723,
  "smile_f0final_sma_de_quartile1": -8.115224773064256e-06,
  "smile_f0final_sma_de_quartile2": -1.0195144568569958e-06,
  "smile_f0final_sma_de_quartile3": 4.061444542458048e-06,
  "smile_f0final_sma_de_iqr1-2": 7.09571031620726e-06,
  "smile_f0final_sma_de_iqr2-3": 5.080958999315044e-06,
  "smile_f0final_sma_de_iqr1-3": 1.2176669770269655e-05,
  "smile_f0final_sma_de_percentile1.0": -0.000526623975019902,
  "smile_f0final_sma_de_percentile99.0": 0.0005253298440948129,
  "smile_f0final_sma_de_pctlrange0-1": 0.001051953760907054,
  "smile_f0final_sma_de_stddev": 0.002606760011985898,
  "smile_f0final_sma_de_skewness": -105.08516693115234,
  "smile_f0final_sma_de_kurtosis": 19598.068359375,
  "smile_f0final_sma_de_upleveltime25": 0.9999807476997375,
  "smile_f0final_sma_de_upleveltime50": 0.9999679327011108,
  "smile_f0final_sma_de_upleveltime75": 0.9810134172439575,
  "smile_f0final_sma_de_upleveltime90": 5.76904603803996e-05,
  "smile_f0final_sma_de_risetime": 0.5085510611534119,
  "smile_f0final_sma_de_leftctime": 0.5046249032020569,
  "smile_f0final_sma_de_lpgain": 1.2750678024531226e-06,
  "smile_f0final_sma_de_lpc0": -1.1619116067886353,
  "smile_f0final_sma_de_lpc1": 0.25522613525390625,
  "smile_f0final_sma_de_lpc2": 0.06423898041248322,
  "smile_f0final_sma_de_lpc3": 0.003790638642385602,
  "smile_f0final_sma_de_lpc4": -0.00013392414257396013,
  "smile_f0final_sma_ff0_nnz": 0.494627982378006,
  "smile_f0final_sma_ff0_meanseglen": 0.16519999504089355,
  "smile_f0final_sma_ff0_maxseglen": 0.5399999618530273,
  "smile_f0final_sma_ff0_minseglen": 0.019999999552965164,
  "smile_f0final_sma_ff0_seglenstddev": 0.12751847505569458,
  "duration_s": 3503.4125,
  "file_id": "4364366",
  "f0_cv_ci_lower": 0.49710485311258024,
  "f0_cv_ci_upper": 0.505629140607046,
  "f0_cv_ci_width": 0.008524287494465765,
  "acoustic_volatility_index": 12.674502778232133
}