{
  "f0_mean": 125.68529476498152,
  "f0_std": 60.190130616696784,
  "f0_median": 102.70147524619607,
  "f0_mad": 18.076678038708238,
  "f0_cv": 0.478895567928182,
  "f0_min": 74.93495502522492,
  "f0_max": 499.6208341145838,
  "f0_range": 424.6858790893589,
  "f0_p05": 79.32679393992552,
  "f0_p25": 88.73641856607587,
  "f0_p75": 138.97442654502225,
  "f0_p95": 240.45543321148102,
  "f0_iqr": 50.238007978946385,
  "f0_skewness": 2.637161500791959,
  "f0_kurtosis": 9.116703815025968,
  "voiced_fraction": 0.4988880416825518,
  "jitter_local": 0.025019686419522694,
  "jitter_ddp": 0.033772209162110406,
  "shimmer_local": 0.13603389988879297,
  "shimmer_apq3": 0.0595112955024167,
  "hnr_mean": 9.633475099562682,
  "hnr_std": 5.299556917960332,
  "hnr_p05": 1.65464152090172,
  "speech_rate": 0.7000004964035562,
  "pause_frequency": 0.5849619506674145,
  "pause_duration_mean": 0.38769857433808547,
  "pause_duration_std": 0.5010660042777896,
  "pause_duration_cv": 1.292411263397745,
  "speaking_time_ratio": 0.7000004964035562,
  "spectral_centroid_mean": 1094.729228434425,
  "spectral_centroid_std": 449.5323381369401,
  "spectral_centroid_cv": 0.4106333570537962,
  "spectral_rolloff_mean": 1887.9143344042382,
  "spectral_rolloff_std": 942.6011798843007,
  "spectral_bandwidth_mean": 1151.4562845809855,
  "spectral_bandwidth_std": 397.285932031081,
  "mfcc0_mean": -328.99395751953125,
  "mfcc1_mean": 105.26824188232422,
  "mfcc2_mean": -6.402456283569336,
  "mfcc3_mean": 13.01453685760498,
  "mfcc4_mean": 5.15645170211792,
  "mfcc5_mean": -10.415217399597168,
  "mfcc6_mean": -17.57638168334961,
  "mfcc7_mean": -13.903669357299805,
  "mfcc8_mean": -12.015237808227539,
  "mfcc9_mean": -7.420467376708984,
  "mfcc10_mean": -6.531120300292969,
  "mfcc11_mean": -4.359333038330078,
  "mfcc12_mean": -4.084595680236816,
  "mfcc0_std": 130.58143615722656,
  "mfcc1_std": 52.6923828125,
  "mfcc2_std": 30.788291931152344,
  "mfcc3_std": 34.12117385864258,
  "mfcc4_std": 28.32081413269043,
  "mfcc5_std": 20.46307373046875,
  "mfcc6_std": 18.636131286621094,
  "mfcc7_std": 17.28366470336914,
  "mfcc8_std": 15.315863609313965,
  "mfcc9_std": 14.169455528259277,
  "mfcc10_std": 13.13770866394043,
  "mfcc11_std": 10.720865249633789,
  "mfcc12_std": 9.646288871765137,
  "smile_f0final_sma_amean": 141.85919189453125,
  "smile_f0final_sma_flatness": 0.9085777401924133,
  "smile_f0final_sma_posamean": 141.85919189453125,
  "smile_f0final_sma_rqmean": 160.5764923095703,
  "smile_f0final_sma_range": 565.2496948242188,
  "smile_f0final_sma_maxpos": 0.5208038091659546,
  "smile_f0final_sma_minpos": 0.7912028431892395,
  "smile_f0final_sma_linregc1": -1.9296739139917918e-07,
  "smile_f0final_sma_linregc2": 0.16744717955589294,
  "smile_f0final_sma_linregerrq": 0.017666520550847054,
  "smile_f0final_sma_qregc1": 2.0311662074501413e-11,
  "smile_f0final_sma_qregc2": -2.7895291623281082e-06,
  "smile_f0final_sma_qregc3": 0.22276908159255981,
  "smile_f0final_sma_qregerrq": 0.017054390162229538,
  "smile_f0final_sma_centroid": 0.4918050169944763,
  "smile_f0final_sma_quartile1": 93.32721710205078,
  "smile_f0final_sma_quartile2": 113.52372741699219,
  "smile_f0final_sma_quartile3": 170.09849548339844,
  "smile_f0final_sma_iqr1-2": 20.196510314941406,
  "smile_f0final_sma_iqr2-3": 56.57476806640625,
  "smile_f0final_sma_iqr1-3": 76.77127838134766,
  "smile_f0final_sma_percentile1.0": 76.96253967285156,
  "smile_f0final_sma_percentile99.0": 494.80621337890625,
  "smile_f0final_sma_pctlrange0-1": 417.84368896484375,
  "smile_f0final_sma_stddev": 75.23817443847656,
  "smile_f0final_sma_skewness": 2.7121365070343018,
  "smile_f0final_sma_kurtosis": 13.29670524597168,
  "smile_f0final_sma_upleveltime25": 0.16639158129692078,
  "smile_f0final_sma_upleveltime50": 0.0258532352745533,
  "smile_f0final_sma_upleveltime75": 0.010920155793428421,
  "smile_f0final_sma_upleveltime90": 0.004724766593426466,
  "smile_f0final_sma_risetime": 0.4125833213329315,
  "smile_f0final_sma_leftctime": 0.49099230766296387,
  "smile_f0final_sma_lpgain": 1294.728759765625,
  "smile_f0final_sma_lpc0": -0.9933725595474243,
  "smile_f0final_sma_lpc1": 0.024776939302682877,
  "smile_f0final_sma_lpc2": 0.12827299535274506,
  "smile_f0final_sma_lpc3": -0.06414490193128586,
  "smile_f0final_sma_lpc4": -0.07423977553844452,
  "smile_f0final_sma_de_amean": -2.395817318756599e-05,
  "smile_f0final_sma_de_flatness": 0.024986885488033295,
  "smile_f0final_sma_de_posamean": 0.00018854330119211227,
  "smile_f0final_sma_de_rqmean": 0.011998062022030354,
  "smile_f0final_sma_de_range": 4.198022842407227,
  "smile_f0final_sma_de_maxpos": 2.6374786102678627e-05,
  "smile_f0final_sma_de_minpos": 0.0,
  "smile_f0final_sma_de_linregc1": 3.068064136080295e-10,
  "smile_f0final_sma_de_linregc2": 0.36725926399230957,
  "smile_f0final_sma_de_linregerrq": 8.168183740053792e-06,
  "smile_f0final_sma_de_qregc1": -1.3517004288326855e-14,
  "smile_f0final_sma_de_qregc2": 1.8442846139166136e-09,
  "smile_f0final_sma_de_qregc3": 0.3672301173210144,
  "smile_f0final_sma_de_qregerrq": 8.16801366454456e-06,
  "smile_f0final_sma_de_centroid": 0.038437370210886,
  "smile_f0final_sma_de_quartile1": -4.894689936918439e-06,
  "smile_f0final_sma_de_quartile2": -6.9849187411819e-07,
  "smile_f0final_sma_de_quartile3": 2.603180746518774e-06,
  "smile_f0final_sma_de_iqr1-2": 4.1961980059568305e-06,
  "smile_f0final_sma_de_iqr2-3": 3.301672677480383e-06,
  "smile_f0final_sma_de_iqr1-3": 7.497870683437213e-06,
  "smile_f0final_sma_de_percentile1.0": -0.0005254290881566703,
  "smile_f0final_sma_de_percentile99.0": 0.00036356638884171844,
  "smile_f0final_sma_de_pctlrange0-1": 0.0008889954769983888,
  "smile_f0final_sma_de_stddev": 0.011998037807643414,
  "smile_f0final_sma_de_skewness": 124.97306823730469,
  "smile_f0final_sma_de_kurtosis": 33598.09765625,
  "smile_f0final_sma_de_upleveltime25": 0.9999824166297913,
  "smile_f0final_sma_de_upleveltime50": 1.7583190128789283e-05,
  "smile_f0final_sma_de_upleveltime75": 1.7583190128789283e-05,
  "smile_f0final_sma_de_upleveltime90": 8.791595064394642e-06,
  "smile_f0final_sma_de_risetime": 0.500070333480835,
  "smile_f0final_sma_de_leftctime": 0.4984130859375,
  "smile_f0final_sma_de_lpgain": 8.73203607625328e-05,
  "smile_f0final_sma_de_lpc0": -0.7188643217086792,
  "smile_f0final_sma_de_lpc1": 0.3766344487667084,
  "smile_f0final_sma_de_lpc2": 0.0883370041847229,
  "smile_f0final_sma_de_lpc3": -0.11493662744760513,
  "smile_f0final_sma_de_lpc4": 0.03323255479335785,
  "smile_f0final_sma_ff0_nnz": 0.5076825618743896,
  "smile_f0final_sma_ff0_meanseglen": 0.20090000331401825,
  "smile_f0final_sma_ff0_maxseglen": 0.7599999904632568,
  "smile_f0final_sma_ff0_minseglen": 0.019999999552965164,
  "smile_f0final_sma_ff0_seglenstddev": 0.12362924218177795,
  "duration_s": 2518.1125,
  "file_id": "4365948",
  "f0_cv_ci_lower": 0.6239185773543825,
  "f0_cv_ci_upper": 0.633109885466134,
  "f0_cv_ci_width": 0.009191308111751506,
  "acoustic_volatility_index": 9.156842099899654
}