{
  "f0_mean": 146.27877109903608,
  "f0_std": 74.86044650735445,
  "f0_median": 121.78826062417257,
  "f0_mad": 15.347920916443414,
  "f0_cv": 0.5117656235754893,
  "f0_min": 74.95457704674325,
  "f0_max": 499.97437973092576,
  "f0_range": 425.01980268418254,
  "f0_p05": 94.77689490629811,
  "f0_p25": 109.29241972518513,
  "f0_p75": 145.87261836377013,
  "f0_p95": 327.08279526632236,
  "f0_iqr": 36.580198638585,
  "f0_skewness": 2.8807728413460825,
  "f0_kurtosis": 8.381155534699788,
  "voiced_fraction": 0.44545820792947366,
  "jitter_local": 0.025857360448920057,
  "jitter_ddp": 0.03654549117543438,
  "shimmer_local": 0.14436779707105646,
  "shimmer_apq3": 0.05899081719329941,
  "hnr_mean": 10.243668274144794,
  "hnr_std": 6.496074131798482,
  "hnr_p05": 1.0017922145088194,
  "speech_rate": 0.7000008886808717,
  "pause_frequency": 0.6389023013872308,
  "pause_duration_mean": 0.3628412462908012,
  "pause_duration_std": 0.3945997841282418,
  "pause_duration_cv": 1.0875273639976077,
  "speaking_time_ratio": 0.7000008886808717,
  "spectral_centroid_mean": 1174.7127742300634,
  "spectral_centroid_std": 475.54695917373823,
  "spectral_centroid_cv": 0.4048197734849898,
  "spectral_rolloff_mean": 1972.4052533449928,
  "spectral_rolloff_std": 959.0095590416151,
  "spectral_bandwidth_mean": 1129.9644278094481,
  "spectral_bandwidth_std": 427.90534014752376,
  "mfcc0_mean": -320.9762878417969,
  "mfcc1_mean": 82.43305206298828,
  "mfcc2_mean": -11.360337257385254,
  "mfcc3_mean": 6.470871925354004,
  "mfcc4_mean": 2.325880289077759,
  "mfcc5_mean": -16.51837158203125,
  "mfcc6_mean": -21.68712615966797,
  "mfcc7_mean": -16.5867862701416,
  "mfcc8_mean": -18.948711395263672,
  "mfcc9_mean": -12.651982307434082,
  "mfcc10_mean": -5.459296226501465,
  "mfcc11_mean": -6.813632011413574,
  "mfcc12_mean": -8.77255630493164,
  "mfcc0_std": 114.06867980957031,
  "mfcc1_std": 49.125160217285156,
  "mfcc2_std": 34.69875717163086,
  "mfcc3_std": 30.220598220825195,
  "mfcc4_std": 27.573436737060547,
  "mfcc5_std": 19.648767471313477,
  "mfcc6_std": 19.463191986083984,
  "mfcc7_std": 15.59131908416748,
  "mfcc8_std": 17.148588180541992,
  "mfcc9_std": 15.478231430053711,
  "mfcc10_std": 12.93896198272705,
  "mfcc11_std": 11.063246726989746,
  "mfcc12_std": 11.161650657653809,
  "smile_f0final_sma_amean": 165.7783966064453,
  "smile_f0final_sma_flatness": 0.8992730975151062,
  "smile_f0final_sma_posamean": 165.7783966064453,
  "smile_f0final_sma_rqmean": 191.2819061279297,
  "smile_f0final_sma_range": 567.5540771484375,
  "smile_f0final_sma_maxpos": 0.23968592286109924,
  "smile_f0final_sma_minpos": 0.29807016253471375,
  "smile_f0final_sma_linregc1": 5.176229933567811e-08,
  "smile_f0final_sma_linregc2": 0.19419965147972107,
  "smile_f0final_sma_linregerrq": 0.028258368372917175,
  "smile_f0final_sma_qregc1": 2.1481059118977353e-13,
  "smile_f0final_sma_qregc2": 2.574539692545841e-09,
  "smile_f0final_sma_qregc3": 0.19607682526111603,
  "smile_f0final_sma_qregerrq": 0.028257664293050766,
  "smile_f0final_sma_centroid": 0.5033793449401855,
  "smile_f0final_sma_quartile1": 112.41242980957031,
  "smile_f0final_sma_quartile2": 127.9153823852539,
  "smile_f0final_sma_quartile3": 173.10415649414062,
  "smile_f0final_sma_iqr1-2": 15.502952575683594,
  "smile_f0final_sma_iqr2-3": 45.18877410888672,
  "smile_f0final_sma_iqr1-3": 60.69172668457031,
  "smile_f0final_sma_percentile1.0": 89.481689453125,
  "smile_f0final_sma_percentile99.0": 551.655517578125,
  "smile_f0final_sma_pctlrange0-1": 462.173828125,
  "smile_f0final_sma_stddev": 95.4268798828125,
  "smile_f0final_sma_skewness": 2.4578053951263428,
  "smile_f0final_sma_kurtosis": 9.029419898986816,
  "smile_f0final_sma_upleveltime25": 0.203547865152359,
  "smile_f0final_sma_upleveltime50": 0.07000519335269928,
  "smile_f0final_sma_upleveltime75": 0.0274954903870821,
  "smile_f0final_sma_upleveltime90": 0.007511474657803774,
  "smile_f0final_sma_risetime": 0.43364107608795166,
  "smile_f0final_sma_leftctime": 0.5053039193153381,
  "smile_f0final_sma_lpgain": 2274.849853515625,
  "smile_f0final_sma_lpc0": -1.0062692165374756,
  "smile_f0final_sma_lpc1": 0.03396457061171532,
  "smile_f0final_sma_lpc2": 0.10500109195709229,
  "smile_f0final_sma_lpc3": -0.019613832235336304,
  "smile_f0final_sma_lpc4": -0.08538772165775299,
  "smile_f0final_sma_de_amean": 3.709388693096116e-06,
  "smile_f0final_sma_de_flatness": 0.06464666873216629,
  "smile_f0final_sma_de_posamean": 5.894126297789626e-05,
  "smile_f0final_sma_de_rqmean": 0.0006883983733132482,
  "smile_f0final_sma_de_range": 0.17783236503601074,
  "smile_f0final_sma_de_maxpos": 0.00019935719319619238,
  "smile_f0final_sma_de_minpos": 0.0002285314112668857,
  "smile_f0final_sma_de_linregc1": -5.454659501857861e-10,
  "smile_f0final_sma_de_linregc2": 0.5270819664001465,
  "smile_f0final_sma_de_linregerrq": 1.4983561413828284e-05,
  "smile_f0final_sma_de_qregc1": 1.2678995630092602e-14,
  "smile_f0final_sma_de_qregc2": -3.1530282829095313e-09,
  "smile_f0final_sma_de_qregc3": 0.5271713137626648,
  "smile_f0final_sma_de_qregerrq": 1.4981963431637269e-05,
  "smile_f0final_sma_de_centroid": 0.13480448722839355,
  "smile_f0final_sma_de_quartile1": -3.0646551749669015e-06,
  "smile_f0final_sma_de_quartile2": -3.266954990976956e-07,
  "smile_f0final_sma_de_quartile3": 2.046914687525714e-06,
  "smile_f0final_sma_de_iqr1-2": 2.737959675869206e-06,
  "smile_f0final_sma_de_iqr2-3": 2.3736101866234094e-06,
  "smile_f0final_sma_de_iqr1-3": 5.111569862492615e-06,
  "smile_f0final_sma_de_percentile1.0": -0.0003241982194595039,
  "smile_f0final_sma_de_percentile99.0": 0.0003431166987866163,
  "smile_f0final_sma_de_pctlrange0-1": 0.0006673149182461202,
  "smile_f0final_sma_de_stddev": 0.000688388361595571,
  "smile_f0final_sma_de_skewness": -16.152511596679688,
  "smile_f0final_sma_de_kurtosis": 7817.56591796875,
  "smile_f0final_sma_de_upleveltime25": 0.9999659657478333,
  "smile_f0final_sma_de_upleveltime50": 0.9996061325073242,
  "smile_f0final_sma_de_upleveltime75": 3.88989647035487e-05,
  "smile_f0final_sma_de_upleveltime90": 9.724741175887175e-06,
  "smile_f0final_sma_de_risetime": 0.5161334276199341,
  "smile_f0final_sma_de_leftctime": 0.5026572942733765,
  "smile_f0final_sma_de_lpgain": 1.5487103155464865e-07,
  "smile_f0final_sma_de_lpc0": -1.16839599609375,
  "smile_f0final_sma_de_lpc1": 0.7791059613227844,
  "smile_f0final_sma_de_lpc2": -0.16276898980140686,
  "smile_f0final_sma_de_lpc3": 0.01187203824520111,
  "smile_f0final_sma_de_lpc4": 0.07297448068857193,
  "smile_f0final_sma_ff0_nnz": 0.5426587462425232,
  "smile_f0final_sma_ff0_meanseglen": 0.14970000088214874,
  "smile_f0final_sma_ff0_maxseglen": 0.38999998569488525,
  "smile_f0final_sma_ff0_minseglen": 0.019999999552965164,
  "smile_f0final_sma_ff0_seglenstddev": 0.09490473568439484,
  "duration_s": 4219.7375,
  "file_id": "4368670",
  "f0_cv_ci_lower": 0.654566523184519,
  "f0_cv_ci_upper": 0.6593577797325498,
  "f0_cv_ci_width": 0.004791256548030809,
  "acoustic_volatility_index": 6.845424296011267
}