{
  "f0_mean": 114.21673749597255,
  "f0_std": 65.44869900216284,
  "f0_median": 96.83328891563778,
  "f0_mad": 11.513697141792768,
  "f0_cv": 0.5730219619035315,
  "f0_min": 74.94724737340493,
  "f0_max": 499.9127796676843,
  "f0_range": 424.96553229427934,
  "f0_p05": 78.45924193172756,
  "f0_p25": 86.24603745582108,
  "f0_p75": 110.2688902105719,
  "f0_p95": 258.56764255294166,
  "f0_iqr": 24.022852754750815,
  "f0_skewness": 3.869831121346054,
  "f0_kurtosis": 15.44284625725657,
  "voiced_fraction": 0.5232547799021787,
  "jitter_local": 0.02663971953446673,
  "jitter_ddp": 0.03800378063858926,
  "shimmer_local": 0.15133678170239398,
  "shimmer_apq3": 0.06929609561015514,
  "hnr_mean": 7.1548526703670525,
  "hnr_std": 5.3050800693069835,
  "hnr_p05": -0.2208258674364434,
  "speech_rate": 0.6999962946952387,
  "pause_frequency": 0.6471932316433027,
  "pause_duration_mean": 0.3796335877862596,
  "pause_duration_std": 0.2868217843384586,
  "pause_duration_cv": 0.7555226765128704,
  "speaking_time_ratio": 0.6999962946952387,
  "spectral_centroid_mean": 1501.7315578792538,
  "spectral_centroid_std": 796.3627311813547,
  "spectral_centroid_cv": 0.5302963282638733,
  "spectral_rolloff_mean": 2623.886255397354,
  "spectral_rolloff_std": 1363.5987670126906,
  "spectral_bandwidth_mean": 1389.9960374619814,
  "spectral_bandwidth_std": 401.321653711413,
  "mfcc0_mean": -271.1534118652344,
  "mfcc1_mean": 79.50334167480469,
  "mfcc2_mean": -12.118444442749023,
  "mfcc3_mean": 12.164729118347168,
  "mfcc4_mean": -3.435875177383423,
  "mfcc5_mean": -10.428356170654297,
  "mfcc6_mean": -20.980941772460938,
  "mfcc7_mean": -18.592092514038086,
  "mfcc8_mean": -17.30213737487793,
  "mfcc9_mean": -9.75159740447998,
  "mfcc10_mean": -10.70981216430664,
  "mfcc11_mean": -7.603067874908447,
  "mfcc12_mean": -8.56042766571045,
  "mfcc0_std": 156.92581176757812,
  "mfcc1_std": 57.98884963989258,
  "mfcc2_std": 32.7868537902832,
  "mfcc3_std": 36.411407470703125,
  "mfcc4_std": 30.445192337036133,
  "mfcc5_std": 21.182607650756836,
  "mfcc6_std": 21.868806838989258,
  "mfcc7_std": 18.624576568603516,
  "mfcc8_std": 16.38106346130371,
  "mfcc9_std": 17.972564697265625,
  "mfcc10_std": 14.80987548828125,
  "mfcc11_std": 11.844762802124023,
  "mfcc12_std": 11.902558326721191,
  "smile_f0final_sma_amean": 146.38624572753906,
  "smile_f0final_sma_flatness": 0.8758494853973389,
  "smile_f0final_sma_posamean": 146.38624572753906,
  "smile_f0final_sma_rqmean": 175.88758850097656,
  "smile_f0final_sma_range": 558.6095581054688,
  "smile_f0final_sma_maxpos": 0.819414496421814,
  "smile_f0final_sma_minpos": 0.8278212547302246,
  "smile_f0final_sma_linregc1": 3.189836093042686e-07,
  "smile_f0final_sma_linregc2": 0.1393926590681076,
  "smile_f0final_sma_linregerrq": 0.03041263483464718,
  "smile_f0final_sma_qregc1": 2.291021322306519e-12,
  "smile_f0final_sma_qregc2": 1.3312680380295205e-07,
  "smile_f0final_sma_qregc3": 0.1419055461883545,
  "smile_f0final_sma_qregerrq": 0.03041137009859085,
  "smile_f0final_sma_centroid": 0.5082228779792786,
  "smile_f0final_sma_quartile1": 95.01806640625,
  "smile_f0final_sma_quartile2": 107.37539672851562,
  "smile_f0final_sma_quartile3": 151.2224578857422,
  "smile_f0final_sma_iqr1-2": 12.357330322265625,
  "smile_f0final_sma_iqr2-3": 43.84706115722656,
  "smile_f0final_sma_iqr1-3": 56.20439147949219,
  "smile_f0final_sma_percentile1.0": 77.46835327148438,
  "smile_f0final_sma_percentile99.0": 569.932373046875,
  "smile_f0final_sma_pctlrange0-1": 492.4640197753906,
  "smile_f0final_sma_stddev": 97.50647735595703,
  "smile_f0final_sma_skewness": 2.6591925621032715,
  "smile_f0final_sma_kurtosis": 10.216858863830566,
  "smile_f0final_sma_upleveltime25": 0.15158089995384216,
  "smile_f0final_sma_upleveltime50": 0.06065947562456131,
  "smile_f0final_sma_upleveltime75": 0.02448073960840702,
  "smile_f0final_sma_upleveltime90": 0.011426810175180435,
  "smile_f0final_sma_risetime": 0.39239928126335144,
  "smile_f0final_sma_leftctime": 0.4934728741645813,
  "smile_f0final_sma_lpgain": 2812.160400390625,
  "smile_f0final_sma_lpc0": -0.9864159822463989,
  "smile_f0final_sma_lpc1": 0.01705692708492279,
  "smile_f0final_sma_lpc2": 0.12206082046031952,
  "smile_f0final_sma_lpc3": -0.039089418947696686,
  "smile_f0final_sma_lpc4": -0.07219553738832474,
  "smile_f0final_sma_de_amean": 1.0225543519482017e-05,
  "smile_f0final_sma_de_flatness": 0.05211028456687927,
  "smile_f0final_sma_de_posamean": 0.00015904814063105732,
  "smile_f0final_sma_de_rqmean": 0.002109578577801585,
  "smile_f0final_sma_de_range": 0.29529494047164917,
  "smile_f0final_sma_de_maxpos": 0.00010015739098889753,
  "smile_f0final_sma_de_minpos": 1.4308198842627462e-05,
  "smile_f0final_sma_de_linregc1": -3.1161908609078637e-09,
  "smile_f0final_sma_de_linregc2": 0.24004633724689484,
  "smile_f0final_sma_de_linregerrq": 5.10311801917851e-05,
  "smile_f0final_sma_de_qregc1": 2.342543205854225e-13,
  "smile_f0final_sma_de_qregc2": -1.948799344120289e-08,
  "smile_f0final_sma_de_qregc3": 0.2402370423078537,
  "smile_f0final_sma_de_qregerrq": 5.1023904234170914e-05,
  "smile_f0final_sma_de_centroid": 0.12737977504730225,
  "smile_f0final_sma_de_quartile1": -6.783486242056824e-06,
  "smile_f0final_sma_de_quartile2": -9.906057130137924e-07,
  "smile_f0final_sma_de_quartile3": 2.2990420802670997e-06,
  "smile_f0final_sma_de_iqr1-2": 5.792880529043032e-06,
  "smile_f0final_sma_de_iqr2-3": 3.289647793280892e-06,
  "smile_f0final_sma_de_iqr1-3": 9.082528777071275e-06,
  "smile_f0final_sma_de_percentile1.0": -0.000695963273756206,
  "smile_f0final_sma_de_percentile99.0": 0.0006695735501125455,
  "smile_f0final_sma_de_pctlrange0-1": 0.0013655368238687515,
  "smile_f0final_sma_de_stddev": 0.002109553897753358,
  "smile_f0final_sma_de_skewness": 70.8050537109375,
  "smile_f0final_sma_de_kurtosis": 6750.568359375,
  "smile_f0final_sma_de_upleveltime25": 0.0020031477324664593,
  "smile_f0final_sma_de_upleveltime50": 0.0001144655907410197,
  "smile_f0final_sma_de_upleveltime75": 8.584919123677537e-05,
  "smile_f0final_sma_de_upleveltime90": 4.2924595618387684e-05,
  "smile_f0final_sma_de_risetime": 0.49887678027153015,
  "smile_f0final_sma_de_leftctime": 0.4973528981208801,
  "smile_f0final_sma_de_lpgain": 4.0088571040541865e-07,
  "smile_f0final_sma_de_lpc0": -1.5965083837509155,
  "smile_f0final_sma_de_lpc1": 1.043404221534729,
  "smile_f0final_sma_de_lpc2": -0.5624745488166809,
  "smile_f0final_sma_de_lpc3": 0.21853062510490417,
  "smile_f0final_sma_de_lpc4": 0.011722628958523273,
  "smile_f0final_sma_ff0_nnz": 0.4008033275604248,
  "smile_f0final_sma_ff0_meanseglen": 0.18219998478889465,
  "smile_f0final_sma_ff0_maxseglen": 0.7099999785423279,
  "smile_f0final_sma_ff0_minseglen": 0.019999999552965164,
  "smile_f0final_sma_ff0_seglenstddev": 0.14021825790405273,
  "duration_s": 2024.125,
  "file_id": "4374910",
  "f0_cv_ci_lower": 0.7269085799562836,
  "f0_cv_ci_upper": 0.7373398471436542,
  "f0_cv_ci_width": 0.01043126718737064,
  "acoustic_volatility_index": 4.71811195992126
}