{
  "f0_mean": 141.42612127296843,
  "f0_std": 52.97368311262295,
  "f0_median": 129.0136764087024,
  "f0_mad": 19.726206534186083,
  "f0_cv": 0.3745678848844178,
  "f0_min": 74.94479453688851,
  "f0_max": 499.9811740347254,
  "f0_range": 425.03637949783695,
  "f0_p05": 90.68371496346963,
  "f0_p25": 112.20573860996026,
  "f0_p75": 153.6505976028093,
  "f0_p95": 228.25469129003656,
  "f0_iqr": 41.44485899284905,
  "f0_skewness": 3.0842592483628453,
  "f0_kurtosis": 13.590014559433783,
  "voiced_fraction": 0.44858348124755076,
  "jitter_local": 0.022744256115966813,
  "jitter_ddp": 0.03157916485002317,
  "shimmer_local": 0.1499743655971601,
  "shimmer_apq3": 0.0625238678051399,
  "hnr_mean": 9.633140517158786,
  "hnr_std": 5.506484256632644,
  "hnr_p05": 1.315866070643569,
  "speech_rate": 0.7000028814291889,
  "pause_frequency": 0.6048119867454257,
  "pause_duration_mean": 0.3897951405431158,
  "pause_duration_std": 0.3705598894736503,
  "pause_duration_cv": 0.9506529223461732,
  "speaking_time_ratio": 0.7000028814291889,
  "spectral_centroid_mean": 1416.9444335522112,
  "spectral_centroid_std": 645.5667095109117,
  "spectral_centroid_cv": 0.4556048171151688,
  "spectral_rolloff_mean": 2146.0890136780654,
  "spectral_rolloff_std": 953.8165565097642,
  "spectral_bandwidth_mean": 1170.57564490289,
  "spectral_bandwidth_std": 424.0567149722202,
  "mfcc0_mean": -360.0821228027344,
  "mfcc1_mean": 85.21359252929688,
  "mfcc2_mean": -27.095487594604492,
  "mfcc3_mean": 15.12090015411377,
  "mfcc4_mean": 10.147122383117676,
  "mfcc5_mean": -20.71088218688965,
  "mfcc6_mean": -14.142118453979492,
  "mfcc7_mean": -7.786673069000244,
  "mfcc8_mean": -15.012201309204102,
  "mfcc9_mean": -10.912043571472168,
  "mfcc10_mean": -9.034689903259277,
  "mfcc11_mean": -10.35135269165039,
  "mfcc12_mean": -8.13833999633789,
  "mfcc0_std": 154.51023864746094,
  "mfcc1_std": 64.23001098632812,
  "mfcc2_std": 47.26310729980469,
  "mfcc3_std": 40.83802032470703,
  "mfcc4_std": 29.233604431152344,
  "mfcc5_std": 23.551137924194336,
  "mfcc6_std": 20.99353790283203,
  "mfcc7_std": 17.35131072998047,
  "mfcc8_std": 16.31692886352539,
  "mfcc9_std": 14.325945854187012,
  "mfcc10_std": 12.399551391601562,
  "mfcc11_std": 12.056943893432617,
  "mfcc12_std": 10.459165573120117,
  "smile_f0final_sma_amean": 208.10751342773438,
  "smile_f0final_sma_flatness": 0.8829158544540405,
  "smile_f0final_sma_posamean": 208.10751342773438,
  "smile_f0final_sma_rqmean": 238.34129333496094,
  "smile_f0final_sma_range": 561.0343017578125,
  "smile_f0final_sma_maxpos": 0.6848885416984558,
  "smile_f0final_sma_minpos": 0.45726194977760315,
  "smile_f0final_sma_linregc1": -9.543738244133237e-09,
  "smile_f0final_sma_linregc2": 0.26719674468040466,
  "smile_f0final_sma_linregerrq": 0.0428827740252018,
  "smile_f0final_sma_qregc1": -1.1751756685829395e-11,
  "smile_f0final_sma_qregc2": 2.102364305756055e-06,
  "smile_f0final_sma_qregc3": 0.20394191145896912,
  "smile_f0final_sma_qregerrq": 0.04208251088857651,
  "smile_f0final_sma_centroid": 0.49961191415786743,
  "smile_f0final_sma_quartile1": 127.51010131835938,
  "smile_f0final_sma_quartile2": 166.32708740234375,
  "smile_f0final_sma_quartile3": 251.6524200439453,
  "smile_f0final_sma_iqr1-2": 38.816986083984375,
  "smile_f0final_sma_iqr2-3": 85.32533264160156,
  "smile_f0final_sma_iqr1-3": 124.14231872558594,
  "smile_f0final_sma_percentile1.0": 79.91155242919922,
  "smile_f0final_sma_percentile99.0": 590.91748046875,
  "smile_f0final_sma_pctlrange0-1": 511.00592041015625,
  "smile_f0final_sma_stddev": 116.18019104003906,
  "smile_f0final_sma_skewness": 1.5751699209213257,
  "smile_f0final_sma_kurtosis": 5.000500679016113,
  "smile_f0final_sma_upleveltime25": 0.3814235031604767,
  "smile_f0final_sma_upleveltime50": 0.128055602312088,
  "smile_f0final_sma_upleveltime75": 0.053775228559970856,
  "smile_f0final_sma_upleveltime90": 0.01934773102402687,
  "smile_f0final_sma_risetime": 0.4336375296115875,
  "smile_f0final_sma_leftctime": 0.5042930245399475,
  "smile_f0final_sma_lpgain": 2812.031982421875,
  "smile_f0final_sma_lpc0": -1.033394455909729,
  "smile_f0final_sma_lpc1": 0.04391855373978615,
  "smile_f0final_sma_lpc2": 0.11238370090723038,
  "smile_f0final_sma_lpc3": -0.021138913929462433,
  "smile_f0final_sma_lpc4": -0.0789506807923317,
  "smile_f0final_sma_de_amean": -1.0726242180680856e-05,
  "smile_f0final_sma_de_flatness": 0.08238104730844498,
  "smile_f0final_sma_de_posamean": 8.131775393849239e-05,
  "smile_f0final_sma_de_rqmean": 0.0012615115847438574,
  "smile_f0final_sma_de_range": 0.3019808530807495,
  "smile_f0final_sma_de_maxpos": 4.385690044728108e-05,
  "smile_f0final_sma_de_minpos": 8.144853200064972e-05,
  "smile_f0final_sma_de_linregc1": 9.790158683742334e-10,
  "smile_f0final_sma_de_linregc2": 0.5014590620994568,
  "smile_f0final_sma_de_linregerrq": 1.7447837308282033e-05,
  "smile_f0final_sma_de_qregc1": -2.601768593049527e-14,
  "smile_f0final_sma_de_qregc2": 5.131672420333189e-09,
  "smile_f0final_sma_de_qregc3": 0.501348614692688,
  "smile_f0final_sma_de_qregerrq": 1.7445396224502474e-05,
  "smile_f0final_sma_de_centroid": 0.16400285065174103,
  "smile_f0final_sma_de_quartile1": -7.484842626581667e-06,
  "smile_f0final_sma_de_quartile2": -5.704195018552127e-07,
  "smile_f0final_sma_de_quartile3": 4.14484748034738e-06,
  "smile_f0final_sma_de_iqr1-2": 6.9144230110396165e-06,
  "smile_f0final_sma_de_iqr2-3": 4.7152670958894305e-06,
  "smile_f0final_sma_de_iqr1-3": 1.1629690561676398e-05,
  "smile_f0final_sma_de_percentile1.0": -0.0005296739982441068,
  "smile_f0final_sma_de_percentile99.0": 0.00044653279474005103,
  "smile_f0final_sma_de_pctlrange0-1": 0.0009762067929841578,
  "smile_f0final_sma_de_stddev": 0.0012614659499377012,
  "smile_f0final_sma_de_skewness": -17.01807403564453,
  "smile_f0final_sma_de_kurtosis": 7015.41162109375,
  "smile_f0final_sma_de_upleveltime25": 0.9999561309814453,
  "smile_f0final_sma_de_upleveltime50": 0.9884907007217407,
  "smile_f0final_sma_de_upleveltime75": 3.13263590214774e-05,
  "smile_f0final_sma_de_upleveltime90": 1.253054324479308e-05,
  "smile_f0final_sma_de_risetime": 0.5110238194465637,
  "smile_f0final_sma_de_leftctime": 0.4985150992870331,
  "smile_f0final_sma_de_lpgain": 8.441571708317497e-07,
  "smile_f0final_sma_de_lpc0": -0.7404106259346008,
  "smile_f0final_sma_de_lpc1": 0.06876807659864426,
  "smile_f0final_sma_de_lpc2": 0.013755928725004196,
  "smile_f0final_sma_de_lpc3": 0.041499290615320206,
  "smile_f0final_sma_de_lpc4": -0.02266826666891575,
  "smile_f0final_sma_ff0_nnz": 0.5178349614143372,
  "smile_f0final_sma_ff0_meanseglen": 0.12939999997615814,
  "smile_f0final_sma_ff0_maxseglen": 0.6200000047683716,
  "smile_f0final_sma_ff0_minseglen": 0.019999999552965164,
  "smile_f0final_sma_ff0_seglenstddev": 0.12455376982688904,
  "duration_s": 3470.5,
  "file_id": "4375653",
  "f0_cv_ci_lower": 0.4861181319306899,
  "f0_cv_ci_upper": 0.49461383558708366,
  "f0_cv_ci_width": 0.008495703656393738,
  "acoustic_volatility_index": 7.641852788718398
}