{
  "f0_mean": 141.84562007913152,
  "f0_std": 60.91016418744768,
  "f0_median": 127.67519728993956,
  "f0_mad": 18.93437974378829,
  "f0_cv": 0.4294116670889639,
  "f0_min": 74.9502336867439,
  "f0_max": 499.80530394877417,
  "f0_range": 424.85507026203027,
  "f0_p05": 87.88286498266815,
  "f0_p25": 110.18621019876693,
  "f0_p75": 148.2292942364959,
  "f0_p95": 255.97308561770845,
  "f0_iqr": 38.04308403772896,
  "f0_skewness": 3.0201239343333124,
  "f0_kurtosis": 11.444167134770591,
  "voiced_fraction": 0.5345861212610133,
  "jitter_local": 0.021040841989610645,
  "jitter_ddp": 0.026351674861800074,
  "shimmer_local": 0.12732752789169596,
  "shimmer_apq3": 0.050089218568675604,
  "hnr_mean": 12.098673451887157,
  "hnr_std": 6.075821766314436,
  "hnr_p05": 2.13737013837904,
  "speech_rate": 0.6999993409215235,
  "pause_frequency": 0.5230446789299201,
  "pause_duration_mean": 0.4510383064516129,
  "pause_duration_std": 0.5447255621400053,
  "pause_duration_cv": 1.2077146316583272,
  "speaking_time_ratio": 0.6999993409215235,
  "spectral_centroid_mean": 1199.9073666932668,
  "spectral_centroid_std": 544.696360305575,
  "spectral_centroid_cv": 0.45394867589375854,
  "spectral_rolloff_mean": 2054.4383274719366,
  "spectral_rolloff_std": 1067.4756199979597,
  "spectral_bandwidth_mean": 1153.5059501290898,
  "spectral_bandwidth_std": 443.2643766815171,
  "mfcc0_mean": -323.0452880859375,
  "mfcc1_mean": 88.6194076538086,
  "mfcc2_mean": -16.98786163330078,
  "mfcc3_mean": 6.740402698516846,
  "mfcc4_mean": -6.840415000915527,
  "mfcc5_mean": -21.020143508911133,
  "mfcc6_mean": -29.72330665588379,
  "mfcc7_mean": -26.643871307373047,
  "mfcc8_mean": -20.414371490478516,
  "mfcc9_mean": -11.557594299316406,
  "mfcc10_mean": -9.05778980255127,
  "mfcc11_mean": -6.478371620178223,
  "mfcc12_mean": -2.4571332931518555,
  "mfcc0_std": 139.02842712402344,
  "mfcc1_std": 56.631649017333984,
  "mfcc2_std": 37.535743713378906,
  "mfcc3_std": 30.18230628967285,
  "mfcc4_std": 27.34410858154297,
  "mfcc5_std": 22.13922119140625,
  "mfcc6_std": 22.939754486083984,
  "mfcc7_std": 23.30284881591797,
  "mfcc8_std": 19.740394592285156,
  "mfcc9_std": 15.003292083740234,
  "mfcc10_std": 12.760894775390625,
  "mfcc11_std": 10.12730598449707,
  "mfcc12_std": 9.888713836669922,
  "smile_f0final_sma_amean": 168.1709747314453,
  "smile_f0final_sma_flatness": 0.8905937671661377,
  "smile_f0final_sma_posamean": 168.1709747314453,
  "smile_f0final_sma_rqmean": 195.79928588867188,
  "smile_f0final_sma_range": 564.0264892578125,
  "smile_f0final_sma_maxpos": 0.703912615776062,
  "smile_f0final_sma_minpos": 0.5087087154388428,
  "smile_f0final_sma_linregc1": -1.6020301529806602e-07,
  "smile_f0final_sma_linregc2": 0.21739867329597473,
  "smile_f0final_sma_linregerrq": 0.03149981424212456,
  "smile_f0final_sma_qregc1": 3.528823717610652e-12,
  "smile_f0final_sma_qregc2": -9.602791806173627e-07,
  "smile_f0final_sma_qregc3": 0.24763154983520508,
  "smile_f0final_sma_qregerrq": 0.031317003071308136,
  "smile_f0final_sma_centroid": 0.48984602093696594,
  "smile_f0final_sma_quartile1": 113.2529296875,
  "smile_f0final_sma_quartile2": 133.6646728515625,
  "smile_f0final_sma_quartile3": 178.48016357421875,
  "smile_f0final_sma_iqr1-2": 20.4117431640625,
  "smile_f0final_sma_iqr2-3": 44.81549072265625,
  "smile_f0final_sma_iqr1-3": 65.22723388671875,
  "smile_f0final_sma_percentile1.0": 82.6477279663086,
  "smile_f0final_sma_percentile99.0": 564.984375,
  "smile_f0final_sma_pctlrange0-1": 482.3366394042969,
  "smile_f0final_sma_stddev": 100.27902221679688,
  "smile_f0final_sma_skewness": 2.419962167739868,
  "smile_f0final_sma_kurtosis": 8.88521957397461,
  "smile_f0final_sma_upleveltime25": 0.21142607927322388,
  "smile_f0final_sma_upleveltime50": 0.0681392177939415,
  "smile_f0final_sma_upleveltime75": 0.03639178350567818,
  "smile_f0final_sma_upleveltime90": 0.010651576332747936,
  "smile_f0final_sma_risetime": 0.37485334277153015,
  "smile_f0final_sma_leftctime": 0.49879369139671326,
  "smile_f0final_sma_lpgain": 2506.522216796875,
  "smile_f0final_sma_lpc0": -0.9987746477127075,
  "smile_f0final_sma_lpc1": 0.03221426531672478,
  "smile_f0final_sma_lpc2": 0.08365126699209213,
  "smile_f0final_sma_lpc3": -0.01505618542432785,
  "smile_f0final_sma_lpc4": -0.07238761335611343,
  "smile_f0final_sma_de_amean": -2.1445325728564057e-06,
  "smile_f0final_sma_de_flatness": 0.06908529996871948,
  "smile_f0final_sma_de_posamean": 7.86514428909868e-05,
  "smile_f0final_sma_de_rqmean": 0.0009842406725510955,
  "smile_f0final_sma_de_range": 0.26655030250549316,
  "smile_f0final_sma_de_maxpos": 0.0003427252813708037,
  "smile_f0final_sma_de_minpos": 0.00017377620679326355,
  "smile_f0final_sma_de_linregc1": 1.8872721441187679e-10,
  "smile_f0final_sma_de_linregc2": 0.44415614008903503,
  "smile_f0final_sma_de_linregerrq": 1.363446699542692e-05,
  "smile_f0final_sma_de_qregc1": -4.600942362016115e-15,
  "smile_f0final_sma_de_qregc2": 1.1418677114960474e-09,
  "smile_f0final_sma_de_qregc3": 0.444123238325119,
  "smile_f0final_sma_de_qregerrq": 1.3634249626193196e-05,
  "smile_f0final_sma_de_centroid": 0.12005151808261871,
  "smile_f0final_sma_de_quartile1": -4.689185971074039e-06,
  "smile_f0final_sma_de_quartile2": -8.74916736393061e-07,
  "smile_f0final_sma_de_quartile3": 1.7805186871555634e-06,
  "smile_f0final_sma_de_iqr1-2": 3.814269348367816e-06,
  "smile_f0final_sma_de_iqr2-3": 2.6554353098617867e-06,
  "smile_f0final_sma_de_iqr1-3": 6.4697046582296025e-06,
  "smile_f0final_sma_de_percentile1.0": -0.0004215755907353014,
  "smile_f0final_sma_de_percentile99.0": 0.0004291749792173505,
  "smile_f0final_sma_de_pctlrange0-1": 0.0008507505990564823,
  "smile_f0final_sma_de_stddev": 0.000984238344244659,
  "smile_f0final_sma_de_skewness": -14.4702787399292,
  "smile_f0final_sma_de_kurtosis": 7659.30859375,
  "smile_f0final_sma_de_upleveltime25": 0.9999372363090515,
  "smile_f0final_sma_de_upleveltime50": 0.0001689490891294554,
  "smile_f0final_sma_de_upleveltime75": 4.827116754313465e-06,
  "smile_f0final_sma_de_upleveltime90": 4.827116754313465e-06,
  "smile_f0final_sma_de_risetime": 0.5127581357955933,
  "smile_f0final_sma_de_leftctime": 0.5036758780479431,
  "smile_f0final_sma_de_lpgain": 1.8622105812937662e-07,
  "smile_f0final_sma_de_lpc0": -1.1728997230529785,
  "smile_f0final_sma_de_lpc1": 0.3541525900363922,
  "smile_f0final_sma_de_lpc2": 0.07330449670553207,
  "smile_f0final_sma_de_lpc3": -0.17939066886901855,
  "smile_f0final_sma_de_lpc4": 0.0514042004942894,
  "smile_f0final_sma_ff0_nnz": 0.597739040851593,
  "smile_f0final_sma_ff0_meanseglen": 0.19739998877048492,
  "smile_f0final_sma_ff0_maxseglen": 0.7400000095367432,
  "smile_f0final_sma_ff0_minseglen": 0.019999999552965164,
  "smile_f0final_sma_ff0_seglenstddev": 0.15500721335411072,
  "duration_s": 3793.175,
  "file_id": "4382825",
  "f0_cv_ci_lower": 0.5486338613351571,
  "f0_cv_ci_upper": 0.5550115458996797,
  "f0_cv_ci_width": 0.00637768456452259,
  "acoustic_volatility_index": 7.117457890880174
}