{
  "f0_mean": 137.41837061957798,
  "f0_std": 50.33536323449166,
  "f0_median": 125.82787443091624,
  "f0_mad": 14.611121709504097,
  "f0_cv": 0.3662928253882264,
  "f0_min": 74.95523210479048,
  "f0_max": 499.36537478780684,
  "f0_range": 424.4101426830164,
  "f0_p05": 97.6391038534524,
  "f0_p25": 113.06909477284364,
  "f0_p75": 143.55954604030552,
  "f0_p95": 212.63036201401457,
  "f0_iqr": 30.49045126746188,
  "f0_skewness": 4.019281111553659,
  "f0_kurtosis": 20.85396844024891,
  "voiced_fraction": 0.3605070315649679,
  "jitter_local": 0.018338266257458883,
  "jitter_ddp": 0.023125812202435952,
  "shimmer_local": 0.12810018938917175,
  "shimmer_apq3": 0.05221268559683393,
  "hnr_mean": 13.64695142725898,
  "hnr_std": 5.08505604506957,
  "hnr_p05": 4.873708543276766,
  "speech_rate": 0.7000025938318679,
  "pause_frequency": 0.6174802035046374,
  "pause_duration_mean": 0.38161305808929435,
  "pause_duration_std": 0.44082767053070804,
  "pause_duration_cv": 1.1551692511202223,
  "speaking_time_ratio": 0.7000025938318679,
  "spectral_centroid_mean": 1223.8786157745187,
  "spectral_centroid_std": 702.6210099149373,
  "spectral_centroid_cv": 0.5740937057473555,
  "spectral_rolloff_mean": 2084.21237660817,
  "spectral_rolloff_std": 1425.8725289643614,
  "spectral_bandwidth_mean": 1194.6482737127517,
  "spectral_bandwidth_std": 520.3225229390941,
  "mfcc0_mean": -391.4010009765625,
  "mfcc1_mean": 71.52872467041016,
  "mfcc2_mean": 12.455021858215332,
  "mfcc3_mean": 18.600324630737305,
  "mfcc4_mean": -3.262965679168701,
  "mfcc5_mean": -19.0644474029541,
  "mfcc6_mean": -13.72031021118164,
  "mfcc7_mean": -15.156679153442383,
  "mfcc8_mean": -17.204540252685547,
  "mfcc9_mean": -8.891498565673828,
  "mfcc10_mean": -8.109742164611816,
  "mfcc11_mean": -5.800843715667725,
  "mfcc12_mean": -1.8393479585647583,
  "mfcc0_std": 87.20581817626953,
  "mfcc1_std": 49.345298767089844,
  "mfcc2_std": 33.55805587768555,
  "mfcc3_std": 33.4149169921875,
  "mfcc4_std": 20.678844451904297,
  "mfcc5_std": 18.971956253051758,
  "mfcc6_std": 16.614013671875,
  "mfcc7_std": 12.878935813903809,
  "mfcc8_std": 14.595584869384766,
  "mfcc9_std": 12.128113746643066,
  "mfcc10_std": 11.10212230682373,
  "mfcc11_std": 9.340374946594238,
  "mfcc12_std": 8.418146133422852,
  "smile_f0final_sma_amean": 151.79458618164062,
  "smile_f0final_sma_flatness": 0.9245025515556335,
  "smile_f0final_sma_posamean": 151.79458618164062,
  "smile_f0final_sma_rqmean": 171.42019653320312,
  "smile_f0final_sma_range": 552.6898193359375,
  "smile_f0final_sma_maxpos": 0.3858714997768402,
  "smile_f0final_sma_minpos": 0.24682526290416718,
  "smile_f0final_sma_linregc1": 1.0447319453987802e-08,
  "smile_f0final_sma_linregc2": 0.1531842052936554,
  "smile_f0final_sma_linregerrq": 0.02076561748981476,
  "smile_f0final_sma_qregc1": 3.708503122645812e-12,
  "smile_f0final_sma_qregc2": -6.76994261539221e-07,
  "smile_f0final_sma_qregc3": 0.174422487616539,
  "smile_f0final_sma_qregerrq": 0.020675402134656906,
  "smile_f0final_sma_centroid": 0.5005849003791809,
  "smile_f0final_sma_quartile1": 113.43265533447266,
  "smile_f0final_sma_quartile2": 128.01080322265625,
  "smile_f0final_sma_quartile3": 152.7160186767578,
  "smile_f0final_sma_iqr1-2": 14.578147888183594,
  "smile_f0final_sma_iqr2-3": 24.705215454101562,
  "smile_f0final_sma_iqr1-3": 39.283363342285156,
  "smile_f0final_sma_percentile1.0": 89.92516326904297,
  "smile_f0final_sma_percentile99.0": 555.3142700195312,
  "smile_f0final_sma_pctlrange0-1": 465.38909912109375,
  "smile_f0final_sma_stddev": 79.6447525024414,
  "smile_f0final_sma_skewness": 3.4286859035491943,
  "smile_f0final_sma_kurtosis": 16.17951202392578,
  "smile_f0final_sma_upleveltime25": 0.11581162363290787,
  "smile_f0final_sma_upleveltime50": 0.03698009252548218,
  "smile_f0final_sma_upleveltime75": 0.021664777770638466,
  "smile_f0final_sma_upleveltime90": 0.008059556595981121,
  "smile_f0final_sma_risetime": 0.39210978150367737,
  "smile_f0final_sma_leftctime": 0.4920104742050171,
  "smile_f0final_sma_lpgain": 1869.420654296875,
  "smile_f0final_sma_lpc0": -0.9876205325126648,
  "smile_f0final_sma_lpc1": 0.025225386023521423,
  "smile_f0final_sma_lpc2": 0.09549319744110107,
  "smile_f0final_sma_lpc3": -0.02274729311466217,
  "smile_f0final_sma_lpc4": -0.08264043927192688,
  "smile_f0final_sma_de_amean": 3.6652968447015155e-06,
  "smile_f0final_sma_de_flatness": 0.06719395518302917,
  "smile_f0final_sma_de_posamean": 8.277661254396662e-05,
  "smile_f0final_sma_de_rqmean": 0.0015847759786993265,
  "smile_f0final_sma_de_range": 0.47874361276626587,
  "smile_f0final_sma_de_maxpos": 0.00020767076057381928,
  "smile_f0final_sma_de_minpos": 0.0006882802699692547,
  "smile_f0final_sma_de_linregc1": -2.8908697657925586e-10,
  "smile_f0final_sma_de_linregc2": 0.5601503849029541,
  "smile_f0final_sma_de_linregerrq": 1.095770494430326e-05,
  "smile_f0final_sma_de_qregc1": 8.962032098424125e-15,
  "smile_f0final_sma_de_qregc2": -1.7995031020845431e-09,
  "smile_f0final_sma_de_qregc3": 0.5601928234100342,
  "smile_f0final_sma_de_qregerrq": 1.0957345693896059e-05,
  "smile_f0final_sma_de_centroid": 0.1064189001917839,
  "smile_f0final_sma_de_quartile1": -4.843840997637017e-06,
  "smile_f0final_sma_de_quartile2": -8.542438649783435e-07,
  "smile_f0final_sma_de_quartile3": 2.2194624307303457e-06,
  "smile_f0final_sma_de_iqr1-2": 3.989597189502092e-06,
  "smile_f0final_sma_de_iqr2-3": 3.0737062388652703e-06,
  "smile_f0final_sma_de_iqr1-3": 7.063303200993687e-06,
  "smile_f0final_sma_de_percentile1.0": -0.00046772093628533185,
  "smile_f0final_sma_de_percentile99.0": 0.0003915448905900121,
  "smile_f0final_sma_de_pctlrange0-1": 0.0008592657977715135,
  "smile_f0final_sma_de_stddev": 0.0015847717877477407,
  "smile_f0final_sma_de_skewness": 20.047006607055664,
  "smile_f0final_sma_de_kurtosis": 14125.083984375,
  "smile_f0final_sma_de_upleveltime25": 0.9999821782112122,
  "smile_f0final_sma_de_upleveltime50": 0.9999762773513794,
  "smile_f0final_sma_de_upleveltime75": 5.933450302109122e-05,
  "smile_f0final_sma_de_upleveltime90": 2.373380084463861e-05,
  "smile_f0final_sma_de_risetime": 0.4981042444705963,
  "smile_f0final_sma_de_leftctime": 0.5020352005958557,
  "smile_f0final_sma_de_lpgain": 9.248947776541172e-07,
  "smile_f0final_sma_de_lpc0": -1.1604868173599243,
  "smile_f0final_sma_de_lpc1": 0.7716064453125,
  "smile_f0final_sma_de_lpc2": -0.40901654958724976,
  "smile_f0final_sma_de_lpc3": 0.2096213698387146,
  "smile_f0final_sma_de_lpc4": -0.07256356626749039,
  "smile_f0final_sma_ff0_nnz": 0.5495255589485168,
  "smile_f0final_sma_ff0_meanseglen": 0.18629999458789825,
  "smile_f0final_sma_ff0_maxseglen": 0.6499999761581421,
  "smile_f0final_sma_ff0_minseglen": 0.019999999552965164,
  "smile_f0final_sma_ff0_seglenstddev": 0.1299280822277069,
  "duration_s": 3373.3875,
  "file_id": "4383161",
  "f0_cv_ci_lower": 0.46557844178237917,
  "f0_cv_ci_upper": 0.4768019718119385,
  "f0_cv_ci_width": 0.011223530029559337,
  "acoustic_volatility_index": 5.856104589533733
}