{
  "f0_mean": 133.74346839043673,
  "f0_std": 52.76519212395341,
  "f0_median": 122.18429110865294,
  "f0_mad": 12.161580181541709,
  "f0_cv": 0.3945253757732394,
  "f0_min": 74.93387152292415,
  "f0_max": 499.99908970024615,
  "f0_range": 425.065218177322,
  "f0_p05": 92.68576229753542,
  "f0_p25": 111.74015008318958,
  "f0_p75": 138.2491703041317,
  "f0_p95": 189.60384070426443,
  "f0_iqr": 26.50902022094212,
  "f0_skewness": 4.337891836329301,
  "f0_kurtosis": 22.233613861493513,
  "voiced_fraction": 0.380841249384215,
  "jitter_local": 0.019139003316281,
  "jitter_ddp": 0.02756069644790701,
  "shimmer_local": 0.14879985801318588,
  "shimmer_apq3": 0.059935285251605415,
  "hnr_mean": 10.356328497557378,
  "hnr_std": 5.082234976227219,
  "hnr_p05": 2.1324416015705485,
  "speech_rate": 0.6999996889996051,
  "pause_frequency": 0.6180199848853808,
  "pause_duration_mean": 0.4050080515297907,
  "pause_duration_std": 0.42384336303934234,
  "pause_duration_cv": 1.0465060174443623,
  "speaking_time_ratio": 0.6999996889996051,
  "spectral_centroid_mean": 1240.6948625506527,
  "spectral_centroid_std": 444.9509560077238,
  "spectral_centroid_cv": 0.35863044930562704,
  "spectral_rolloff_mean": 1993.9671164755057,
  "spectral_rolloff_std": 746.7081859261609,
  "spectral_bandwidth_mean": 1162.5466759990404,
  "spectral_bandwidth_std": 404.98355322505455,
  "mfcc0_mean": -386.90216064453125,
  "mfcc1_mean": 94.07207489013672,
  "mfcc2_mean": -24.584863662719727,
  "mfcc3_mean": -1.035910964012146,
  "mfcc4_mean": 1.8188735246658325,
  "mfcc5_mean": -19.9321231842041,
  "mfcc6_mean": -21.716686248779297,
  "mfcc7_mean": -10.34686279296875,
  "mfcc8_mean": -13.757816314697266,
  "mfcc9_mean": -8.297143936157227,
  "mfcc10_mean": -4.243388652801514,
  "mfcc11_mean": -6.906303405761719,
  "mfcc12_mean": -5.001303195953369,
  "mfcc0_std": 152.19705200195312,
  "mfcc1_std": 54.73857498168945,
  "mfcc2_std": 36.446739196777344,
  "mfcc3_std": 34.8823356628418,
  "mfcc4_std": 27.484548568725586,
  "mfcc5_std": 21.909221649169922,
  "mfcc6_std": 19.80948257446289,
  "mfcc7_std": 15.67023754119873,
  "mfcc8_std": 15.223626136779785,
  "mfcc9_std": 14.638781547546387,
  "mfcc10_std": 12.586587905883789,
  "mfcc11_std": 10.728708267211914,
  "mfcc12_std": 9.907907485961914,
  "smile_f0final_sma_amean": 166.5139617919922,
  "smile_f0final_sma_flatness": 0.9069462418556213,
  "smile_f0final_sma_posamean": 166.5139617919922,
  "smile_f0final_sma_rqmean": 190.1493682861328,
  "smile_f0final_sma_range": 562.2545776367188,
  "smile_f0final_sma_maxpos": 0.03760896250605583,
  "smile_f0final_sma_minpos": 0.8577762246131897,
  "smile_f0final_sma_linregc1": -1.431946543561935e-07,
  "smile_f0final_sma_linregc2": 0.20926903188228607,
  "smile_f0final_sma_linregerrq": 0.026587719097733498,
  "smile_f0final_sma_qregc1": 2.9663576282812354e-13,
  "smile_f0final_sma_qregc2": -2.0662456279296748e-07,
  "smile_f0final_sma_qregc3": 0.21152956783771515,
  "smile_f0final_sma_qregerrq": 0.02658669650554657,
  "smile_f0final_sma_centroid": 0.4913817346096039,
  "smile_f0final_sma_quartile1": 115.07875061035156,
  "smile_f0final_sma_quartile2": 130.40158081054688,
  "smile_f0final_sma_quartile3": 174.843505859375,
  "smile_f0final_sma_iqr1-2": 15.322830200195312,
  "smile_f0final_sma_iqr2-3": 44.441925048828125,
  "smile_f0final_sma_iqr1-3": 59.76475524902344,
  "smile_f0final_sma_percentile1.0": 87.69461059570312,
  "smile_f0final_sma_percentile99.0": 564.0971069335938,
  "smile_f0final_sma_pctlrange0-1": 476.4024963378906,
  "smile_f0final_sma_stddev": 91.81437683105469,
  "smile_f0final_sma_skewness": 2.579690456390381,
  "smile_f0final_sma_kurtosis": 10.124162673950195,
  "smile_f0final_sma_upleveltime25": 0.20828500390052795,
  "smile_f0final_sma_upleveltime50": 0.05795671418309212,
  "smile_f0final_sma_upleveltime75": 0.027198921889066696,
  "smile_f0final_sma_upleveltime90": 0.010237008333206177,
  "smile_f0final_sma_risetime": 0.3976598381996155,
  "smile_f0final_sma_leftctime": 0.5002712607383728,
  "smile_f0final_sma_lpgain": 2239.093505859375,
  "smile_f0final_sma_lpc0": -1.028895616531372,
  "smile_f0final_sma_lpc1": 0.04153401404619217,
  "smile_f0final_sma_lpc2": 0.11494410037994385,
  "smile_f0final_sma_lpc3": -0.020863652229309082,
  "smile_f0final_sma_lpc4": -0.07779326289892197,
  "smile_f0final_sma_de_amean": -1.965381670743227e-06,
  "smile_f0final_sma_de_flatness": 0.030974257737398148,
  "smile_f0final_sma_de_posamean": 0.00014735602599103004,
  "smile_f0final_sma_de_rqmean": 0.009193390607833862,
  "smile_f0final_sma_de_range": 4.396592140197754,
  "smile_f0final_sma_de_maxpos": 5.146442163095344e-06,
  "smile_f0final_sma_de_minpos": 2.0585768652381375e-05,
  "smile_f0final_sma_de_linregc1": -3.365431197610569e-12,
  "smile_f0final_sma_de_linregc2": 0.46020859479904175,
  "smile_f0final_sma_de_linregerrq": 4.3723916860471945e-06,
  "smile_f0final_sma_de_qregc1": 2.776942725129448e-16,
  "smile_f0final_sma_de_qregc2": -5.732364929955658e-11,
  "smile_f0final_sma_de_qregc3": 0.46021032333374023,
  "smile_f0final_sma_de_qregerrq": 4.372390776552493e-06,
  "smile_f0final_sma_de_centroid": 0.07805753499269485,
  "smile_f0final_sma_de_quartile1": -4.014847036160063e-06,
  "smile_f0final_sma_de_quartile2": -5.043113446845382e-07,
  "smile_f0final_sma_de_quartile3": 1.4056028021514066e-06,
  "smile_f0final_sma_de_iqr1-2": 3.510535634632106e-06,
  "smile_f0final_sma_de_iqr2-3": 1.909914089992526e-06,
  "smile_f0final_sma_de_iqr1-3": 5.420449724624632e-06,
  "smile_f0final_sma_de_percentile1.0": -0.000482921430375427,
  "smile_f0final_sma_de_percentile99.0": 0.0003740251704584807,
  "smile_f0final_sma_de_pctlrange0-1": 0.0008569465717300773,
  "smile_f0final_sma_de_stddev": 0.009193390607833862,
  "smile_f0final_sma_de_skewness": 46.69917678833008,
  "smile_f0final_sma_de_kurtosis": 44101.4296875,
  "smile_f0final_sma_de_upleveltime25": 0.9999896883964539,
  "smile_f0final_sma_de_upleveltime50": 3.087865115958266e-05,
  "smile_f0final_sma_de_upleveltime75": 1.0292884326190688e-05,
  "smile_f0final_sma_de_upleveltime90": 5.146442163095344e-06,
  "smile_f0final_sma_de_risetime": 0.5118780732154846,
  "smile_f0final_sma_de_leftctime": 0.5022618770599365,
  "smile_f0final_sma_de_lpgain": 3.684568582684733e-05,
  "smile_f0final_sma_de_lpc0": -0.891234278678894,
  "smile_f0final_sma_de_lpc1": 0.6075261831283569,
  "smile_f0final_sma_de_lpc2": 0.10437601804733276,
  "smile_f0final_sma_de_lpc3": -0.20076966285705566,
  "smile_f0final_sma_de_lpc4": 0.21996398270130157,
  "smile_f0final_sma_ff0_nnz": 0.5320236086845398,
  "smile_f0final_sma_ff0_meanseglen": 0.08129999786615372,
  "smile_f0final_sma_ff0_maxseglen": 0.6100000143051147,
  "smile_f0final_sma_ff0_minseglen": 0.019999999552965164,
  "smile_f0final_sma_ff0_seglenstddev": 0.09270010143518448,
  "duration_s": 4019.2875,
  "file_id": "4384964",
  "f0_cv_ci_lower": 0.5518711841024873,
  "f0_cv_ci_upper": 0.5607612044898661,
  "f0_cv_ci_width": 0.00889002038737885,
  "acoustic_volatility_index": 5.145184475584359
}