{
  "f0_mean": 150.34888198839218,
  "f0_std": 66.3269545134989,
  "f0_median": 127.81505089080608,
  "f0_mad": 27.767460776482267,
  "f0_cv": 0.4411536263942404,
  "f0_min": 74.97386604041422,
  "f0_max": 499.9981498562827,
  "f0_range": 425.02428381586844,
  "f0_p05": 93.36408840188821,
  "f0_p25": 106.00684582395441,
  "f0_p75": 174.93214811227867,
  "f0_p95": 263.2556377886093,
  "f0_iqr": 68.92530228832426,
  "f0_skewness": 2.38293679902636,
  "f0_kurtosis": 7.396960058799532,
  "voiced_fraction": 0.45204848649014695,
  "jitter_local": 0.022558808595028186,
  "jitter_ddp": 0.030359371752614408,
  "shimmer_local": 0.11823824452741674,
  "shimmer_apq3": 0.04817297414047735,
  "hnr_mean": 11.645931268612406,
  "hnr_std": 6.247112480112917,
  "hnr_p05": 2.009423520570262,
  "speech_rate": 0.700002539381576,
  "pause_frequency": 0.5200653467525542,
  "pause_duration_mean": 0.4440104166666667,
  "pause_duration_std": 0.6534201365825001,
  "pause_duration_cv": 1.47163244837349,
  "speaking_time_ratio": 0.700002539381576,
  "spectral_centroid_mean": 1168.346775700964,
  "spectral_centroid_std": 481.8308145095076,
  "spectral_centroid_cv": 0.41240394079097564,
  "spectral_rolloff_mean": 1897.5643774462667,
  "spectral_rolloff_std": 809.3303340784645,
  "spectral_bandwidth_mean": 1136.4153628551214,
  "spectral_bandwidth_std": 385.3303704460789,
  "mfcc0_mean": -340.85382080078125,
  "mfcc1_mean": 104.51586151123047,
  "mfcc2_mean": -18.72663688659668,
  "mfcc3_mean": 7.8891119956970215,
  "mfcc4_mean": -1.6740974187850952,
  "mfcc5_mean": -19.628833770751953,
  "mfcc6_mean": -18.545137405395508,
  "mfcc7_mean": -12.80712890625,
  "mfcc8_mean": -12.760115623474121,
  "mfcc9_mean": -5.869757652282715,
  "mfcc10_mean": -8.719036102294922,
  "mfcc11_mean": -9.711100578308105,
  "mfcc12_mean": -3.961974620819092,
  "mfcc0_std": 138.1520233154297,
  "mfcc1_std": 54.92081832885742,
  "mfcc2_std": 38.09547424316406,
  "mfcc3_std": 33.301666259765625,
  "mfcc4_std": 26.503643035888672,
  "mfcc5_std": 22.77981948852539,
  "mfcc6_std": 19.300535202026367,
  "mfcc7_std": 16.988414764404297,
  "mfcc8_std": 15.144065856933594,
  "mfcc9_std": 12.462777137756348,
  "mfcc10_std": 11.770268440246582,
  "mfcc11_std": 10.055543899536133,
  "mfcc12_std": 9.242071151733398,
  "smile_f0final_sma_amean": 177.41366577148438,
  "smile_f0final_sma_flatness": 0.916072428226471,
  "smile_f0final_sma_posamean": 177.41366577148438,
  "smile_f0final_sma_rqmean": 197.6763916015625,
  "smile_f0final_sma_range": 563.0532836914062,
  "smile_f0final_sma_maxpos": 0.6335113644599915,
  "smile_f0final_sma_minpos": 0.7710002660751343,
  "smile_f0final_sma_linregc1": -2.6112962459023947e-08,
  "smile_f0final_sma_linregc2": 0.2169327437877655,
  "smile_f0final_sma_linregerrq": 0.023973383009433746,
  "smile_f0final_sma_qregc1": 3.116790853185947e-11,
  "smile_f0final_sma_qregc2": -2.1966773147141794e-06,
  "smile_f0final_sma_qregc3": 0.2421257495880127,
  "smile_f0final_sma_qregerrq": 0.02384643442928791,
  "smile_f0final_sma_centroid": 0.49951183795928955,
  "smile_f0final_sma_quartile1": 119.85032653808594,
  "smile_f0final_sma_quartile2": 155.92465209960938,
  "smile_f0final_sma_quartile3": 202.83642578125,
  "smile_f0final_sma_iqr1-2": 36.07432556152344,
  "smile_f0final_sma_iqr2-3": 46.911773681640625,
  "smile_f0final_sma_iqr1-3": 82.98609924316406,
  "smile_f0final_sma_percentile1.0": 90.22920989990234,
  "smile_f0final_sma_percentile99.0": 529.3844604492188,
  "smile_f0final_sma_pctlrange0-1": 439.1552429199219,
  "smile_f0final_sma_stddev": 87.17996215820312,
  "smile_f0final_sma_skewness": 2.2656118869781494,
  "smile_f0final_sma_kurtosis": 9.102301597595215,
  "smile_f0final_sma_upleveltime25": 0.2820137143135071,
  "smile_f0final_sma_upleveltime50": 0.05862841382622719,
  "smile_f0final_sma_upleveltime75": 0.024367479607462883,
  "smile_f0final_sma_upleveltime90": 0.00538468174636364,
  "smile_f0final_sma_risetime": 0.3919530212879181,
  "smile_f0final_sma_leftctime": 0.49352383613586426,
  "smile_f0final_sma_lpgain": 1844.400390625,
  "smile_f0final_sma_lpc0": -1.0128812789916992,
  "smile_f0final_sma_lpc1": 0.025453411042690277,
  "smile_f0final_sma_lpc2": 0.11848873645067215,
  "smile_f0final_sma_lpc3": -0.026929788291454315,
  "smile_f0final_sma_lpc4": -0.08315973728895187,
  "smile_f0final_sma_de_amean": 1.2059611435688566e-05,
  "smile_f0final_sma_de_flatness": 0.09975747019052505,
  "smile_f0final_sma_de_posamean": 0.00017585947352927178,
  "smile_f0final_sma_de_rqmean": 0.0024341181851923466,
  "smile_f0final_sma_de_range": 0.47234803438186646,
  "smile_f0final_sma_de_maxpos": 0.00033695425372570753,
  "smile_f0final_sma_de_minpos": 0.0005615904228761792,
  "smile_f0final_sma_de_linregc1": -2.9193425454820954e-09,
  "smile_f0final_sma_de_linregc2": 0.2454652190208435,
  "smile_f0final_sma_de_linregerrq": 2.6552372219157405e-05,
  "smile_f0final_sma_de_qregc1": 2.6728689790991855e-13,
  "smile_f0final_sma_de_qregc2": -1.957719852896389e-08,
  "smile_f0final_sma_de_qregc3": 0.24563823640346527,
  "smile_f0final_sma_de_qregerrq": 2.6546384106040932e-05,
  "smile_f0final_sma_de_centroid": 0.1502828150987625,
  "smile_f0final_sma_de_quartile1": -1.5580415492877364e-05,
  "smile_f0final_sma_de_quartile2": -2.37149447457341e-06,
  "smile_f0final_sma_de_quartile3": 5.840623998665251e-06,
  "smile_f0final_sma_de_iqr1-2": 1.3208920790930279e-05,
  "smile_f0final_sma_de_iqr2-3": 8.212118700612336e-06,
  "smile_f0final_sma_de_iqr1-3": 2.1421039491542615e-05,
  "smile_f0final_sma_de_percentile1.0": -0.0007257130928337574,
  "smile_f0final_sma_de_percentile99.0": 0.0006066918722353876,
  "smile_f0final_sma_de_pctlrange0-1": 0.0013324050232768059,
  "smile_f0final_sma_de_stddev": 0.002434088382869959,
  "smile_f0final_sma_de_skewness": 109.21690368652344,
  "smile_f0final_sma_de_kurtosis": 15227.58203125,
  "smile_f0final_sma_de_upleveltime25": 0.0030325883999466896,
  "smile_f0final_sma_de_upleveltime50": 4.813632040168159e-05,
  "smile_f0final_sma_de_upleveltime75": 3.2090880267787725e-05,
  "smile_f0final_sma_de_upleveltime90": 3.2090880267787725e-05,
  "smile_f0final_sma_de_risetime": 0.5029203295707703,
  "smile_f0final_sma_de_leftctime": 0.5021421313285828,
  "smile_f0final_sma_de_lpgain": 2.1847138214070583e-06,
  "smile_f0final_sma_de_lpc0": -1.0364867448806763,
  "smile_f0final_sma_de_lpc1": 0.3521254062652588,
  "smile_f0final_sma_de_lpc2": 0.05498282611370087,
  "smile_f0final_sma_de_lpc3": -0.03189601004123688,
  "smile_f0final_sma_de_lpc4": -0.021118229255080223,
  "smile_f0final_sma_ff0_nnz": 0.4716319143772125,
  "smile_f0final_sma_ff0_meanseglen": 0.22579999268054962,
  "smile_f0final_sma_ff0_maxseglen": 1.3199999332427979,
  "smile_f0final_sma_ff0_minseglen": 0.019999999552965164,
  "smile_f0final_sma_ff0_seglenstddev": 0.2089649736881256,
  "duration_s": 1476.7375,
  "file_id": "4384683",
  "f0_cv_ci_lower": 0.5224007737479501,
  "f0_cv_ci_upper": 0.5320143645385487,
  "f0_cv_ci_width": 0.009613590790598536,
  "acoustic_volatility_index": 12.30155644624812
}