{
  "f0_mean": 140.23304650305857,
  "f0_std": 64.83174320016929,
  "f0_median": 120.56402603132547,
  "f0_mad": 16.80612763502937,
  "f0_cv": 0.4623143033461465,
  "f0_min": 74.9453040519813,
  "f0_max": 499.8999429333166,
  "f0_range": 424.9546388813353,
  "f0_p05": 89.00743591571694,
  "f0_p25": 106.57321456184862,
  "f0_p75": 144.39250007278508,
  "f0_p95": 274.0688903572771,
  "f0_iqr": 37.81928551093647,
  "f0_skewness": 2.8728183766190214,
  "f0_kurtosis": 9.373031506441631,
  "voiced_fraction": 0.4848021657959376,
  "jitter_local": 0.02394271313197965,
  "jitter_ddp": 0.03181592847089266,
  "shimmer_local": 0.12165231349072933,
  "shimmer_apq3": 0.05024261960822039,
  "hnr_mean": 10.245829904963593,
  "hnr_std": 6.139573036417231,
  "hnr_p05": 0.5634160728301931,
  "speech_rate": 0.7,
  "pause_frequency": 0.5422053231939163,
  "pause_duration_mean": 0.43223001402524547,
  "pause_duration_std": 0.7270703902808459,
  "pause_duration_cv": 1.68213767366553,
  "speaking_time_ratio": 0.7,
  "spectral_centroid_mean": 1339.0695180596479,
  "spectral_centroid_std": 607.1911981759462,
  "spectral_centroid_cv": 0.45344262563439164,
  "spectral_rolloff_mean": 2356.55218401381,
  "spectral_rolloff_std": 1373.5756397644038,
  "spectral_bandwidth_mean": 1236.899293536949,
  "spectral_bandwidth_std": 541.7536759009504,
  "mfcc0_mean": -284.5738220214844,
  "mfcc1_mean": 85.16856384277344,
  "mfcc2_mean": -24.07019805908203,
  "mfcc3_mean": -4.320241928100586,
  "mfcc4_mean": -7.307500839233398,
  "mfcc5_mean": -20.48378562927246,
  "mfcc6_mean": -22.437841415405273,
  "mfcc7_mean": -18.759790420532227,
  "mfcc8_mean": -20.000385284423828,
  "mfcc9_mean": -12.62228012084961,
  "mfcc10_mean": -9.623819351196289,
  "mfcc11_mean": -10.204890251159668,
  "mfcc12_mean": -8.755698204040527,
  "mfcc0_std": 149.17889404296875,
  "mfcc1_std": 55.88471221923828,
  "mfcc2_std": 30.544015884399414,
  "mfcc3_std": 28.977643966674805,
  "mfcc4_std": 22.750642776489258,
  "mfcc5_std": 21.53791046142578,
  "mfcc6_std": 19.97173309326172,
  "mfcc7_std": 17.77850341796875,
  "mfcc8_std": 17.060165405273438,
  "mfcc9_std": 15.510363578796387,
  "mfcc10_std": 12.055156707763672,
  "mfcc11_std": 11.41749382019043,
  "mfcc12_std": 9.933219909667969,
  "smile_f0final_sma_amean": 167.04994201660156,
  "smile_f0final_sma_flatness": 0.9093014597892761,
  "smile_f0final_sma_posamean": 167.04994201660156,
  "smile_f0final_sma_rqmean": 188.71946716308594,
  "smile_f0final_sma_range": 562.3682861328125,
  "smile_f0final_sma_maxpos": 0.15679587423801422,
  "smile_f0final_sma_minpos": 0.21398913860321045,
  "smile_f0final_sma_linregc1": -4.1360348745911324e-07,
  "smile_f0final_sma_linregc2": 0.22402293980121613,
  "smile_f0final_sma_linregerrq": 0.024117454886436462,
  "smile_f0final_sma_qregc1": 8.631225074939852e-12,
  "smile_f0final_sma_qregc2": -1.5777400221850257e-06,
  "smile_f0final_sma_qregc3": 0.2501915693283081,
  "smile_f0final_sma_qregerrq": 0.023980489000678062,
  "smile_f0final_sma_centroid": 0.4843463897705078,
  "smile_f0final_sma_quartile1": 113.25946807861328,
  "smile_f0final_sma_quartile2": 133.33993530273438,
  "smile_f0final_sma_quartile3": 193.4019012451172,
  "smile_f0final_sma_iqr1-2": 20.080467224121094,
  "smile_f0final_sma_iqr2-3": 60.06196594238281,
  "smile_f0final_sma_iqr1-3": 80.1424331665039,
  "smile_f0final_sma_percentile1.0": 88.7196273803711,
  "smile_f0final_sma_percentile99.0": 538.8081665039062,
  "smile_f0final_sma_pctlrange0-1": 450.0885314941406,
  "smile_f0final_sma_stddev": 87.80294036865234,
  "smile_f0final_sma_skewness": 2.3697423934936523,
  "smile_f0final_sma_kurtosis": 9.452047348022461,
  "smile_f0final_sma_upleveltime25": 0.24148106575012207,
  "smile_f0final_sma_upleveltime50": 0.054494500160217285,
  "smile_f0final_sma_upleveltime75": 0.01925472356379032,
  "smile_f0final_sma_upleveltime90": 0.00654675392434001,
  "smile_f0final_sma_risetime": 0.37909916043281555,
  "smile_f0final_sma_leftctime": 0.49404630064964294,
  "smile_f0final_sma_lpgain": 1805.40478515625,
  "smile_f0final_sma_lpc0": -1.0182489156723022,
  "smile_f0final_sma_lpc1": 0.031978100538253784,
  "smile_f0final_sma_lpc2": 0.12354965507984161,
  "smile_f0final_sma_lpc3": -0.04201914370059967,
  "smile_f0final_sma_lpc4": -0.07242213189601898,
  "smile_f0final_sma_de_amean": 8.617496860097162e-06,
  "smile_f0final_sma_de_flatness": 0.04766596853733063,
  "smile_f0final_sma_de_posamean": 0.00022285223531071097,
  "smile_f0final_sma_de_rqmean": 0.00940903089940548,
  "smile_f0final_sma_de_range": 2.9613442420959473,
  "smile_f0final_sma_de_maxpos": 8.228285878431052e-06,
  "smile_f0final_sma_de_minpos": 0.00010696770914364606,
  "smile_f0final_sma_de_linregc1": -1.3889429884006432e-10,
  "smile_f0final_sma_de_linregc2": 0.14637316763401031,
  "smile_f0final_sma_de_linregerrq": 1.0095099241880234e-05,
  "smile_f0final_sma_de_qregc1": 5.535959586117035e-15,
  "smile_f0final_sma_de_qregc2": -8.116849414818716e-10,
  "smile_f0final_sma_de_qregc3": 0.1463867872953415,
  "smile_f0final_sma_de_qregerrq": 1.0095062862092163e-05,
  "smile_f0final_sma_de_centroid": 0.07771250605583191,
  "smile_f0final_sma_de_quartile1": -8.612199962954037e-06,
  "smile_f0final_sma_de_quartile2": -1.3377598406805191e-06,
  "smile_f0final_sma_de_quartile3": 3.4354684430581983e-06,
  "smile_f0final_sma_de_iqr1-2": 7.274440122273518e-06,
  "smile_f0final_sma_de_iqr2-3": 4.7732282837387174e-06,
  "smile_f0final_sma_de_iqr1-3": 1.2047668860759586e-05,
  "smile_f0final_sma_de_percentile1.0": -0.0008660875027999282,
  "smile_f0final_sma_de_percentile99.0": 0.000800750800408423,
  "smile_f0final_sma_de_pctlrange0-1": 0.0016668383032083511,
  "smile_f0final_sma_de_stddev": 0.009409027174115181,
  "smile_f0final_sma_de_skewness": 218.3651580810547,
  "smile_f0final_sma_de_kurtosis": 54949.8125,
  "smile_f0final_sma_de_upleveltime25": 1.6456571756862104e-05,
  "smile_f0final_sma_de_upleveltime50": 1.6456571756862104e-05,
  "smile_f0final_sma_de_upleveltime75": 1.6456571756862104e-05,
  "smile_f0final_sma_de_upleveltime90": 8.228285878431052e-06,
  "smile_f0final_sma_de_risetime": 0.5046778321266174,
  "smile_f0final_sma_de_leftctime": 0.5033242702484131,
  "smile_f0final_sma_de_lpgain": 5.432971374830231e-05,
  "smile_f0final_sma_de_lpc0": -0.7652730345726013,
  "smile_f0final_sma_de_lpc1": 0.49094364047050476,
  "smile_f0final_sma_de_lpc2": -0.3987693786621094,
  "smile_f0final_sma_de_lpc3": 0.2181217074394226,
  "smile_f0final_sma_de_lpc4": -0.11578810214996338,
  "smile_f0final_sma_ff0_nnz": 0.5129027962684631,
  "smile_f0final_sma_ff0_meanseglen": 0.19679999351501465,
  "smile_f0final_sma_ff0_maxseglen": 1.2799999713897705,
  "smile_f0final_sma_ff0_minseglen": 0.019999999552965164,
  "smile_f0final_sma_ff0_seglenstddev": 0.18069243431091309,
  "duration_s": 2630.0,
  "file_id": "4384198",
  "f0_cv_ci_lower": 0.5578274987272136,
  "f0_cv_ci_upper": 0.5657861440362003,
  "f0_cv_ci_width": 0.007958645308986712,
  "acoustic_volatility_index": 7.159144301706065
}