{
  "f0_mean": 168.97379848838307,
  "f0_std": 57.61628032202752,
  "f0_median": 163.53773149227425,
  "f0_mad": 23.521374027003816,
  "f0_cv": 0.34097760029930696,
  "f0_min": 74.95222852694081,
  "f0_max": 499.9878655481177,
  "f0_range": 425.0356370211769,
  "f0_p05": 99.84302415396877,
  "f0_p25": 134.63278184135063,
  "f0_p75": 183.2597315185339,
  "f0_p95": 270.5864060969226,
  "f0_iqr": 48.62694967718326,
  "f0_skewness": 2.198095854942369,
  "f0_kurtosis": 7.406233638311901,
  "voiced_fraction": 0.5135815120640613,
  "jitter_local": 0.019467103551202763,
  "jitter_ddp": 0.024759005300826586,
  "shimmer_local": 0.12632564018177816,
  "shimmer_apq3": 0.05112671535924268,
  "hnr_mean": 11.906204183920103,
  "hnr_std": 5.737717432554717,
  "hnr_p05": 2.559415281591082,
  "speech_rate": 0.6999971260710516,
  "pause_frequency": 0.6371911039582212,
  "pause_duration_mean": 0.3640309278350516,
  "pause_duration_std": 0.3931674692001914,
  "pause_duration_cv": 1.0800386427011006,
  "speaking_time_ratio": 0.6999971260710516,
  "spectral_centroid_mean": 1358.9846451371905,
  "spectral_centroid_std": 763.305995552175,
  "spectral_centroid_cv": 0.5616737453829868,
  "spectral_rolloff_mean": 2235.625515253135,
  "spectral_rolloff_std": 1301.9731775789733,
  "spectral_bandwidth_mean": 1194.1952323184796,
  "spectral_bandwidth_std": 477.25134017437324,
  "mfcc0_mean": -328.9362487792969,
  "mfcc1_mean": 81.38129425048828,
  "mfcc2_mean": -18.357467651367188,
  "mfcc3_mean": -0.6746782064437866,
  "mfcc4_mean": -12.698328018188477,
  "mfcc5_mean": -24.78974151611328,
  "mfcc6_mean": -23.042566299438477,
  "mfcc7_mean": -20.27718734741211,
  "mfcc8_mean": -18.5313777923584,
  "mfcc9_mean": -8.361541748046875,
  "mfcc10_mean": -9.93026065826416,
  "mfcc11_mean": -7.511725425720215,
  "mfcc12_mean": -2.392665147781372,
  "mfcc0_std": 132.26698303222656,
  "mfcc1_std": 49.539920806884766,
  "mfcc2_std": 35.77140808105469,
  "mfcc3_std": 31.286479949951172,
  "mfcc4_std": 22.644662857055664,
  "mfcc5_std": 21.443721771240234,
  "mfcc6_std": 20.443275451660156,
  "mfcc7_std": 18.474472045898438,
  "mfcc8_std": 18.175325393676758,
  "mfcc9_std": 13.709415435791016,
  "mfcc10_std": 11.48360824584961,
  "mfcc11_std": 10.352396011352539,
  "mfcc12_std": 10.084291458129883,
  "smile_f0final_sma_amean": 191.44873046875,
  "smile_f0final_sma_flatness": 0.9341950416564941,
  "smile_f0final_sma_posamean": 191.44873046875,
  "smile_f0final_sma_rqmean": 207.22247314453125,
  "smile_f0final_sma_range": 564.7171020507812,
  "smile_f0final_sma_maxpos": 0.4088614583015442,
  "smile_f0final_sma_minpos": 0.6870211958885193,
  "smile_f0final_sma_linregc1": 1.4532751890783402e-08,
  "smile_f0final_sma_linregc2": 0.243257537484169,
  "smile_f0final_sma_linregerrq": 0.01971845142543316,
  "smile_f0final_sma_qregc1": 4.069032003700679e-12,
  "smile_f0final_sma_qregc2": -7.826964179002971e-07,
  "smile_f0final_sma_qregc3": 0.26929038763046265,
  "smile_f0final_sma_qregerrq": 0.019582906737923622,
  "smile_f0final_sma_centroid": 0.5006973743438721,
  "smile_f0final_sma_quartile1": 147.49139404296875,
  "smile_f0final_sma_quartile2": 171.3126678466797,
  "smile_f0final_sma_quartile3": 207.43841552734375,
  "smile_f0final_sma_iqr1-2": 23.821273803710938,
  "smile_f0final_sma_iqr2-3": 36.12574768066406,
  "smile_f0final_sma_iqr1-3": 59.947021484375,
  "smile_f0final_sma_percentile1.0": 89.58208465576172,
  "smile_f0final_sma_percentile99.0": 494.333984375,
  "smile_f0final_sma_pctlrange0-1": 404.75189208984375,
  "smile_f0final_sma_stddev": 79.30029296875,
  "smile_f0final_sma_skewness": 1.8966765403747559,
  "smile_f0final_sma_kurtosis": 7.487598896026611,
  "smile_f0final_sma_upleveltime25": 0.30100497603416443,
  "smile_f0final_sma_upleveltime50": 0.07032721489667892,
  "smile_f0final_sma_upleveltime75": 0.012693502940237522,
  "smile_f0final_sma_upleveltime90": 0.0031389242503792048,
  "smile_f0final_sma_risetime": 0.4004266858100891,
  "smile_f0final_sma_leftctime": 0.4910450279712677,
  "smile_f0final_sma_lpgain": 1307.9287109375,
  "smile_f0final_sma_lpc0": -1.0540128946304321,
  "smile_f0final_sma_lpc1": 0.06127023324370384,
  "smile_f0final_sma_lpc2": 0.10079172253608704,
  "smile_f0final_sma_lpc3": -0.008700154721736908,
  "smile_f0final_sma_lpc4": -0.08535793423652649,
  "smile_f0final_sma_de_amean": -1.7207424889420508e-06,
  "smile_f0final_sma_de_flatness": 0.06693209707736969,
  "smile_f0final_sma_de_posamean": 0.00010343073518015444,
  "smile_f0final_sma_de_rqmean": 0.0015982150798663497,
  "smile_f0final_sma_de_range": 0.41826295852661133,
  "smile_f0final_sma_de_maxpos": 0.0002408464642940089,
  "smile_f0final_sma_de_minpos": 0.00018610863480716944,
  "smile_f0final_sma_de_linregc1": 1.5624285198967414e-10,
  "smile_f0final_sma_de_linregc2": 0.5678358674049377,
  "smile_f0final_sma_de_linregerrq": 1.4600547729060054e-05,
  "smile_f0final_sma_de_qregc1": -4.51026367336428e-15,
  "smile_f0final_sma_de_qregc2": 9.802139100401064e-10,
  "smile_f0final_sma_de_qregc3": 0.5678107738494873,
  "smile_f0final_sma_de_qregerrq": 1.4600421309296507e-05,
  "smile_f0final_sma_de_centroid": 0.10631668567657471,
  "smile_f0final_sma_de_quartile1": -6.510520051961066e-06,
  "smile_f0final_sma_de_quartile2": -9.910468179441523e-07,
  "smile_f0final_sma_de_quartile3": 2.9285315576998983e-06,
  "smile_f0final_sma_de_iqr1-2": 5.519473234016914e-06,
  "smile_f0final_sma_de_iqr2-3": 3.9195783756440505e-06,
  "smile_f0final_sma_de_iqr1-3": 9.439051609660964e-06,
  "smile_f0final_sma_de_percentile1.0": -0.0005221136962063611,
  "smile_f0final_sma_de_percentile99.0": 0.0004976832424290478,
  "smile_f0final_sma_de_pctlrange0-1": 0.0010197969386354089,
  "smile_f0final_sma_de_stddev": 0.001598214148543775,
  "smile_f0final_sma_de_skewness": -28.391372680664062,
  "smile_f0final_sma_de_kurtosis": 9539.4462890625,
  "smile_f0final_sma_de_upleveltime25": 0.9999671578407288,
  "smile_f0final_sma_de_upleveltime50": 0.9998959898948669,
  "smile_f0final_sma_de_upleveltime75": 5.473783312481828e-05,
  "smile_f0final_sma_de_upleveltime90": 1.0947566806862596e-05,
  "smile_f0final_sma_de_risetime": 0.5016695261001587,
  "smile_f0final_sma_de_leftctime": 0.5033198595046997,
  "smile_f0final_sma_de_lpgain": 1.834413154711001e-07,
  "smile_f0final_sma_de_lpc0": -1.8896979093551636,
  "smile_f0final_sma_de_lpc1": 1.3653802871704102,
  "smile_f0final_sma_de_lpc2": -0.04319185018539429,
  "smile_f0final_sma_de_lpc3": -0.5733281970024109,
  "smile_f0final_sma_de_lpc4": 0.32877036929130554,
  "smile_f0final_sma_ff0_nnz": 0.6435335278511047,
  "smile_f0final_sma_ff0_meanseglen": 0.2513999938964844,
  "smile_f0final_sma_ff0_maxseglen": 1.649999976158142,
  "smile_f0final_sma_ff0_minseglen": 0.019999999552965164,
  "smile_f0final_sma_ff0_seglenstddev": 0.26711803674697876,
  "duration_s": 3044.6125,
  "file_id": "4385939",
  "f0_cv_ci_lower": 0.3884359317946259,
  "f0_cv_ci_upper": 0.3943656859436214,
  "f0_cv_ci_width": 0.005929754148995547,
  "acoustic_volatility_index": 8.873669540471248
}