{
  "f0_mean": 154.546817408683,
  "f0_std": 62.637231698625044,
  "f0_median": 150.5221906316239,
  "f0_mad": 44.78753361190843,
  "f0_cv": 0.40529616040547367,
  "f0_min": 75.02640505461811,
  "f0_max": 499.9949464251609,
  "f0_range": 424.96854137054277,
  "f0_p05": 87.901473280215,
  "f0_p25": 102.78958575532005,
  "f0_p75": 190.07932039075445,
  "f0_p95": 244.84275408291717,
  "f0_iqr": 87.2897346354344,
  "f0_skewness": 1.7264226492238215,
  "f0_kurtosis": 5.398716458849041,
  "voiced_fraction": 0.42743201314108414,
  "jitter_local": 0.020890677772013096,
  "jitter_ddp": 0.023852004656734718,
  "shimmer_local": 0.11928656961731858,
  "shimmer_apq3": 0.047471960148929765,
  "hnr_mean": 10.834908783832603,
  "hnr_std": 5.413747368822605,
  "hnr_p05": 1.768692999179297,
  "speech_rate": 0.7000022813861703,
  "pause_frequency": 0.4444140259621746,
  "pause_duration_mean": 0.5406160164271047,
  "pause_duration_std": 0.6308903379117273,
  "pause_duration_cv": 1.166984178680535,
  "speaking_time_ratio": 0.7000022813861703,
  "spectral_centroid_mean": 1344.5391252313418,
  "spectral_centroid_std": 661.1065014023029,
  "spectral_centroid_cv": 0.49169748131245544,
  "spectral_rolloff_mean": 2355.7493566579064,
  "spectral_rolloff_std": 1416.123857315743,
  "spectral_bandwidth_mean": 1241.1391775025586,
  "spectral_bandwidth_std": 527.0027834420652,
  "mfcc0_mean": -333.3659362792969,
  "mfcc1_mean": 87.3287124633789,
  "mfcc2_mean": -8.192317962646484,
  "mfcc3_mean": 3.3227756023406982,
  "mfcc4_mean": -6.029041290283203,
  "mfcc5_mean": -14.89984130859375,
  "mfcc6_mean": -18.522571563720703,
  "mfcc7_mean": -12.38869857788086,
  "mfcc8_mean": -9.3756103515625,
  "mfcc9_mean": -7.6182780265808105,
  "mfcc10_mean": -6.954111099243164,
  "mfcc11_mean": -5.461421012878418,
  "mfcc12_mean": -3.7502059936523438,
  "mfcc0_std": 135.26171875,
  "mfcc1_std": 63.70817947387695,
  "mfcc2_std": 35.17424011230469,
  "mfcc3_std": 30.48564338684082,
  "mfcc4_std": 21.930030822753906,
  "mfcc5_std": 19.617374420166016,
  "mfcc6_std": 19.075716018676758,
  "mfcc7_std": 15.3085298538208,
  "mfcc8_std": 13.532965660095215,
  "mfcc9_std": 12.829133033752441,
  "mfcc10_std": 10.394962310791016,
  "mfcc11_std": 9.156927108764648,
  "mfcc12_std": 7.99513053894043,
  "smile_f0final_sma_amean": 169.3187255859375,
  "smile_f0final_sma_flatness": 0.9170008897781372,
  "smile_f0final_sma_posamean": 169.3187255859375,
  "smile_f0final_sma_rqmean": 187.57220458984375,
  "smile_f0final_sma_range": 550.207275390625,
  "smile_f0final_sma_maxpos": 0.8926424384117126,
  "smile_f0final_sma_minpos": 0.37347814440727234,
  "smile_f0final_sma_linregc1": -1.3011041346544516e-06,
  "smile_f0final_sma_linregc2": 0.21667392551898956,
  "smile_f0final_sma_linregerrq": 0.02111968956887722,
  "smile_f0final_sma_qregc1": 4.021646557439418e-11,
  "smile_f0final_sma_qregc2": -3.4415450045344187e-06,
  "smile_f0final_sma_qregc3": 0.2356603443622589,
  "smile_f0final_sma_qregerrq": 0.02104758471250534,
  "smile_f0final_sma_centroid": 0.48123809695243835,
  "smile_f0final_sma_quartile1": 107.7198715209961,
  "smile_f0final_sma_quartile2": 165.06045532226562,
  "smile_f0final_sma_quartile3": 197.61129760742188,
  "smile_f0final_sma_iqr1-2": 57.34058380126953,
  "smile_f0final_sma_iqr2-3": 32.55084228515625,
  "smile_f0final_sma_iqr1-3": 89.89142608642578,
  "smile_f0final_sma_percentile1.0": 83.02177429199219,
  "smile_f0final_sma_percentile99.0": 525.6468505859375,
  "smile_f0final_sma_pctlrange0-1": 442.62506103515625,
  "smile_f0final_sma_stddev": 80.71246337890625,
  "smile_f0final_sma_skewness": 2.3129239082336426,
  "smile_f0final_sma_kurtosis": 10.727455139160156,
  "smile_f0final_sma_upleveltime25": 0.1964903026819229,
  "smile_f0final_sma_upleveltime50": 0.040113482624292374,
  "smile_f0final_sma_upleveltime75": 0.01551931444555521,
  "smile_f0final_sma_upleveltime90": 0.006049902178347111,
  "smile_f0final_sma_risetime": 0.3613851070404053,
  "smile_f0final_sma_leftctime": 0.5070271492004395,
  "smile_f0final_sma_lpgain": 1685.7713623046875,
  "smile_f0final_sma_lpc0": -0.9542288780212402,
  "smile_f0final_sma_lpc1": 0.017339389771223068,
  "smile_f0final_sma_lpc2": 0.08681253343820572,
  "smile_f0final_sma_lpc3": -0.053529269993305206,
  "smile_f0final_sma_lpc4": -0.07723425328731537,
  "smile_f0final_sma_de_amean": 0.00014933003694750369,
  "smile_f0final_sma_de_flatness": 0.05262152478098869,
  "smile_f0final_sma_de_posamean": 0.0006231502047739923,
  "smile_f0final_sma_de_rqmean": 0.012021892704069614,
  "smile_f0final_sma_de_range": 1.2171417474746704,
  "smile_f0final_sma_de_maxpos": 0.00010602430120343342,
  "smile_f0final_sma_de_minpos": 0.00029686803463846445,
  "smile_f0final_sma_de_linregc1": -1.6347257769666612e-08,
  "smile_f0final_sma_de_linregc2": 0.10583826899528503,
  "smile_f0final_sma_de_linregerrq": 9.749352466315031e-05,
  "smile_f0final_sma_de_qregc1": 1.7738653428078788e-12,
  "smile_f0final_sma_de_qregc2": -9.999919825531833e-08,
  "smile_f0final_sma_de_qregc3": 0.10649573057889938,
  "smile_f0final_sma_de_qregerrq": 9.740706445882097e-05,
  "smile_f0final_sma_de_centroid": 0.0592859610915184,
  "smile_f0final_sma_de_quartile1": -2.3528244128101505e-05,
  "smile_f0final_sma_de_quartile2": -4.688484295911621e-06,
  "smile_f0final_sma_de_quartile3": 5.476783371705096e-06,
  "smile_f0final_sma_de_iqr1-2": 1.8839760741684586e-05,
  "smile_f0final_sma_de_iqr2-3": 1.0165267667616718e-05,
  "smile_f0final_sma_de_iqr1-3": 2.90050265903119e-05,
  "smile_f0final_sma_de_percentile1.0": -0.0008071311749517918,
  "smile_f0final_sma_de_percentile99.0": 0.0007454322185367346,
  "smile_f0final_sma_de_pctlrange0-1": 0.0015525633934885263,
  "smile_f0final_sma_de_stddev": 0.012020965106785297,
  "smile_f0final_sma_de_skewness": 76.06684112548828,
  "smile_f0final_sma_de_kurtosis": 6076.2158203125,
  "smile_f0final_sma_de_upleveltime25": 0.00021204860240686685,
  "smile_f0final_sma_de_upleveltime50": 0.00016963887901511043,
  "smile_f0final_sma_de_upleveltime75": 0.00012722915562335402,
  "smile_f0final_sma_de_upleveltime90": 8.481943950755522e-05,
  "smile_f0final_sma_de_risetime": 0.5189151167869568,
  "smile_f0final_sma_de_leftctime": 0.49299150705337524,
  "smile_f0final_sma_de_lpgain": 9.535744538879953e-06,
  "smile_f0final_sma_de_lpc0": -1.278035044670105,
  "smile_f0final_sma_de_lpc1": 0.16520719230175018,
  "smile_f0final_sma_de_lpc2": 0.07338336855173111,
  "smile_f0final_sma_de_lpc3": 0.17970862984657288,
  "smile_f0final_sma_de_lpc4": -0.033269252628088,
  "smile_f0final_sma_ff0_nnz": 0.48572680354118347,
  "smile_f0final_sma_ff0_meanseglen": 0.13670000433921814,
  "smile_f0final_sma_ff0_maxseglen": 0.5199999809265137,
  "smile_f0final_sma_ff0_minseglen": 0.019999999552965164,
  "smile_f0final_sma_ff0_seglenstddev": 0.10575494170188904,
  "duration_s": 1095.825,
  "file_id": "4386541",
  "f0_cv_ci_lower": 0.441313288352405,
  "f0_cv_ci_upper": 0.45221005680304516,
  "f0_cv_ci_width": 0.010896768450640137,
  "acoustic_volatility_index": 15.324736049237899
}