{
  "f0_mean": 132.40172478076772,
  "f0_std": 53.47039695996789,
  "f0_median": 117.35409107741309,
  "f0_mad": 17.06743659117666,
  "f0_cv": 0.40384970096503486,
  "f0_min": 74.96002451595112,
  "f0_max": 499.99400178010825,
  "f0_range": 425.0339772641571,
  "f0_p05": 88.70313702974312,
  "f0_p25": 103.07111269060714,
  "f0_p75": 140.65088310852613,
  "f0_p95": 226.95497778209577,
  "f0_iqr": 37.57977041791899,
  "f0_skewness": 3.260565371619944,
  "f0_kurtosis": 14.020213577396408,
  "voiced_fraction": 0.44200195041647655,
  "jitter_local": 0.024972762213464453,
  "jitter_ddp": 0.032086230912652954,
  "shimmer_local": 0.1352986301269185,
  "shimmer_apq3": 0.05610134456225075,
  "hnr_mean": 10.578647820856169,
  "hnr_std": 5.506969049140867,
  "hnr_p05": 1.8636913906585026,
  "speech_rate": 0.7000016775239746,
  "pause_frequency": 0.5236111499426847,
  "pause_duration_mean": 0.4714822725331056,
  "pause_duration_std": 0.501309756777385,
  "pause_duration_cv": 1.0632632147207295,
  "speaking_time_ratio": 0.7000016775239746,
  "spectral_centroid_mean": 1164.7647850016426,
  "spectral_centroid_std": 563.4913280738784,
  "spectral_centroid_cv": 0.4837812194614759,
  "spectral_rolloff_mean": 2084.3657666387826,
  "spectral_rolloff_std": 1266.5879366416652,
  "spectral_bandwidth_mean": 1189.816591354127,
  "spectral_bandwidth_std": 493.1359438116308,
  "mfcc0_mean": -326.1059875488281,
  "mfcc1_mean": 90.64043426513672,
  "mfcc2_mean": 0.41163110733032227,
  "mfcc3_mean": 11.245414733886719,
  "mfcc4_mean": -2.337904930114746,
  "mfcc5_mean": -14.989119529724121,
  "mfcc6_mean": -13.523717880249023,
  "mfcc7_mean": -8.97136116027832,
  "mfcc8_mean": -9.064413070678711,
  "mfcc9_mean": -3.8342950344085693,
  "mfcc10_mean": -2.4797263145446777,
  "mfcc11_mean": -3.9207513332366943,
  "mfcc12_mean": -3.2044262886047363,
  "mfcc0_std": 122.64566040039062,
  "mfcc1_std": 57.82571029663086,
  "mfcc2_std": 33.35997772216797,
  "mfcc3_std": 31.248048782348633,
  "mfcc4_std": 24.04144287109375,
  "mfcc5_std": 18.743122100830078,
  "mfcc6_std": 17.082353591918945,
  "mfcc7_std": 14.24190902709961,
  "mfcc8_std": 14.076924324035645,
  "mfcc9_std": 12.685898780822754,
  "mfcc10_std": 10.177392959594727,
  "mfcc11_std": 9.7387113571167,
  "mfcc12_std": 8.890003204345703,
  "smile_f0final_sma_amean": 144.55804443359375,
  "smile_f0final_sma_flatness": 0.929690957069397,
  "smile_f0final_sma_posamean": 144.55804443359375,
  "smile_f0final_sma_rqmean": 160.83444213867188,
  "smile_f0final_sma_range": 565.9488525390625,
  "smile_f0final_sma_maxpos": 0.63193279504776,
  "smile_f0final_sma_minpos": 0.7061169743537903,
  "smile_f0final_sma_linregc1": -1.5992200985692762e-07,
  "smile_f0final_sma_linregc2": 0.1793479025363922,
  "smile_f0final_sma_linregerrq": 0.015425989404320717,
  "smile_f0final_sma_qregc1": 4.5209044841065804e-12,
  "smile_f0final_sma_qregc2": -1.1040857543775928e-06,
  "smile_f0final_sma_qregc3": 0.21221156418323517,
  "smile_f0final_sma_qregerrq": 0.015209978446364403,
  "smile_f0final_sma_centroid": 0.4891011416912079,
  "smile_f0final_sma_quartile1": 106.11814880371094,
  "smile_f0final_sma_quartile2": 123.57633209228516,
  "smile_f0final_sma_quartile3": 153.5892333984375,
  "smile_f0final_sma_iqr1-2": 17.45818328857422,
  "smile_f0final_sma_iqr2-3": 30.012901306152344,
  "smile_f0final_sma_iqr1-3": 47.47108459472656,
  "smile_f0final_sma_percentile1.0": 83.66084289550781,
  "smile_f0final_sma_percentile99.0": 506.1756591796875,
  "smile_f0final_sma_pctlrange0-1": 422.51483154296875,
  "smile_f0final_sma_stddev": 70.50311279296875,
  "smile_f0final_sma_skewness": 3.401545524597168,
  "smile_f0final_sma_kurtosis": 17.89436149597168,
  "smile_f0final_sma_upleveltime25": 0.1369388848543167,
  "smile_f0final_sma_upleveltime50": 0.028557064011693,
  "smile_f0final_sma_upleveltime75": 0.012205223552882671,
  "smile_f0final_sma_upleveltime90": 0.005425076000392437,
  "smile_f0final_sma_risetime": 0.37231138348579407,
  "smile_f0final_sma_leftctime": 0.4876103103160858,
  "smile_f0final_sma_lpgain": 1367.278076171875,
  "smile_f0final_sma_lpc0": -0.9928072094917297,
  "smile_f0final_sma_lpc1": 0.022235088050365448,
  "smile_f0final_sma_lpc2": 0.12067406624555588,
  "smile_f0final_sma_lpc3": -0.03868880867958069,
  "smile_f0final_sma_lpc4": -0.08896490931510925,
  "smile_f0final_sma_de_amean": 1.7086464140447788e-05,
  "smile_f0final_sma_de_flatness": 0.031343258917331696,
  "smile_f0final_sma_de_posamean": 0.00016824538761284202,
  "smile_f0final_sma_de_rqmean": 0.012548862025141716,
  "smile_f0final_sma_de_range": 4.853842735290527,
  "smile_f0final_sma_de_maxpos": 5.39007987754303e-06,
  "smile_f0final_sma_de_minpos": 3.773056232603267e-05,
  "smile_f0final_sma_de_linregc1": -1.1604453509228563e-10,
  "smile_f0final_sma_de_linregc2": 0.3061901330947876,
  "smile_f0final_sma_de_linregerrq": 6.683962510578567e-06,
  "smile_f0final_sma_de_qregc1": 3.125908599755636e-15,
  "smile_f0final_sma_de_qregc2": -6.959787746119162e-10,
  "smile_f0final_sma_de_qregc3": 0.306208074092865,
  "smile_f0final_sma_de_qregerrq": 6.683897936454741e-06,
  "smile_f0final_sma_de_centroid": 0.0415627621114254,
  "smile_f0final_sma_de_quartile1": -4.351990355644375e-06,
  "smile_f0final_sma_de_quartile2": -8.2230332054678e-07,
  "smile_f0final_sma_de_quartile3": 1.3984177940074005e-06,
  "smile_f0final_sma_de_iqr1-2": 3.529687091941014e-06,
  "smile_f0final_sma_de_iqr2-3": 2.2207211713975994e-06,
  "smile_f0final_sma_de_iqr1-3": 5.750408035964938e-06,
  "smile_f0final_sma_de_percentile1.0": -0.00026158319087699056,
  "smile_f0final_sma_de_percentile99.0": 0.00025341208674944937,
  "smile_f0final_sma_de_pctlrange0-1": 0.0005149953067302704,
  "smile_f0final_sma_de_stddev": 0.01254885084927082,
  "smile_f0final_sma_de_skewness": 166.80165100097656,
  "smile_f0final_sma_de_kurtosis": 48209.0546875,
  "smile_f0final_sma_de_upleveltime25": 0.999967634677887,
  "smile_f0final_sma_de_upleveltime50": 1.6170240996871144e-05,
  "smile_f0final_sma_de_upleveltime75": 1.078015975508606e-05,
  "smile_f0final_sma_de_upleveltime90": 1.078015975508606e-05,
  "smile_f0final_sma_de_risetime": 0.49709203839302063,
  "smile_f0final_sma_de_leftctime": 0.49806493520736694,
  "smile_f0final_sma_de_lpgain": 4.7558445658069104e-05,
  "smile_f0final_sma_de_lpc0": -1.1041558980941772,
  "smile_f0final_sma_de_lpc1": 0.5150178074836731,
  "smile_f0final_sma_de_lpc2": -0.12559087574481964,
  "smile_f0final_sma_de_lpc3": 0.14470084011554718,
  "smile_f0final_sma_de_lpc4": 0.026703180745244026,
  "smile_f0final_sma_ff0_nnz": 0.4671301245689392,
  "smile_f0final_sma_ff0_meanseglen": 0.09489999711513519,
  "smile_f0final_sma_ff0_maxseglen": 0.9099999666213989,
  "smile_f0final_sma_ff0_minseglen": 0.019999999552965164,
  "smile_f0final_sma_ff0_seglenstddev": 0.1327742040157318,
  "duration_s": 4470.875,
  "file_id": "4397829",
  "f0_cv_ci_lower": 0.5602040607742937,
  "f0_cv_ci_upper": 0.5681687985231411,
  "f0_cv_ci_width": 0.007964737748847317,
  "acoustic_volatility_index": 7.021135808683533
}