f0_mean,f0_std,f0_cv,speech_rate,voice_activity_ratio,pause_ratio,spectral_centroid_mean,spectral_centroid_std,rms_energy,start_time,end_time,segment_id,file_id,segment_type
145.20127358468184,76.97021952230219,0.5300932810166635,2.0833333333333335,0.6070287539936102,0.3929712460063898,1545.9340686559249,551.3704729507084,0.013500702567398548,60,70,6,4344866,high_variability
204.45598924069617,58.78179819634401,0.28750343002739354,1.7361111111111112,0.7188498402555911,0.28115015974440893,1016.6969698060145,519.4565867473577,0.08170546591281891,20,30,2,4344866,high_variability
173.0276605999839,48.45368165589494,0.2800343106291726,1.4204545454545456,0.48881789137380194,0.5111821086261981,1554.948541699982,912.150262818347,0.04697030782699585,40,50,4,4344866,high_variability
122.5933694279592,12.8093666231318,0.10448661850883459,1.8382352941176472,0.5015974440894568,0.49840255591054317,2221.9896518873456,832.5351885125385,0.013396373949944973,70,80,7,4344866,low_variability
124.31292010833388,12.248276551528438,0.09852778408595454,2.8409090909090913,0.5591054313099042,0.4408945686900958,1603.3014268320924,675.3518420303559,0.016171114519238472,90,100,9,4344866,low_variability
118.52255829791913,6.437146895999224,0.054311575690247645,1.8382352941176472,0.5846645367412141,0.4153354632587859,1850.790509654883,634.3825932561649,0.018109217286109924,50,60,5,4344866,low_variability
