f0_mean,f0_std,f0_cv,speech_rate,voice_activity_ratio,pause_ratio,spectral_centroid_mean,spectral_centroid_std,rms_energy,start_time,end_time,segment_id,file_id,segment_type
227.47954714975114,75.77786455525909,0.33311946284724253,1.7361111111111112,0.7507987220447284,0.24920127795527158,1329.5098976523634,848.6423791094079,0.07655543833971024,40,50,4,4361631,high_variability
217.7859761343124,57.93004432009496,0.26599529202178057,2.4038461538461537,0.610223642172524,0.389776357827476,1790.3164508784564,1193.6051695026333,0.0597999133169651,20,30,2,4361631,high_variability
238.2846855226376,49.69279977134092,0.20854382505677224,2.4038461538461537,0.7827476038338658,0.21725239616613423,1513.050590583197,868.5714495057872,0.1027005985379219,80,90,8,4361631,high_variability
224.8101716294158,34.934841378811605,0.1553970673373236,2.4038461538461537,0.6996805111821086,0.3003194888178914,1500.5894950428433,959.0620883950129,0.08144845813512802,90,100,9,4361631,low_variability
195.21651103657896,29.90702908427602,0.15319928076509956,2.6041666666666665,0.5527156549520766,0.44728434504792336,1411.1610367688643,977.6066351509567,0.046721719205379486,0,10,0,4361631,low_variability
202.30184023954521,22.730503294127786,0.112359350103848,2.6041666666666665,0.7092651757188498,0.29073482428115016,1287.6931627025233,791.7660259385063,0.08220366388559341,10,20,1,4361631,low_variability
