{
  "file_id": "4341191",
  "num_chunks": 43,
  "sentiment_negative": 0.4977548465199251,
  "sentiment_neutral": 0.42461508696588995,
  "sentiment_positive": 0.07763006461980106,
  "sentiment_negative_mean": 0.4856713102541361,
  "sentiment_neutral_mean": 0.4288750866746637,
  "sentiment_positive_mean": 0.08545360169731593,
  "confidence_mean": 0.8985086194304532,
  "confidence_std": 0.14965328534476174,
  "confidence_min": 0.4890044331550598,
  "dominant_sentiment": "negative",
  "dominant_sentiment_score": 0.4977548465199251,
  "sector": "Conglomerate",
  "sentiment_negative_std": 0.44140085723163136,
  "sentiment_neutral_std": 0.43047690691879814,
  "sentiment_positive_std": 0.21946848946126973,
  "sentiment_negative_p05": 0.0002743265271419659,
  "sentiment_negative_p25": 0.007773741148412228,
  "sentiment_negative_p75": 0.9969300031661987,
  "sentiment_negative_p95": 0.9998508393764496,
  "sentiment_neutral_p05": 3.0223738394852263e-05,
  "sentiment_neutral_p25": 0.0010622930130921304,
  "sentiment_neutral_p75": 0.9333165287971497,
  "sentiment_neutral_p95": 0.9992878794670105,
  "sentiment_positive_p05": 1.6594913904555143e-05,
  "sentiment_positive_p25": 0.00023557513486593962,
  "sentiment_positive_p75": 0.03064408153295517,
  "sentiment_positive_p95": 0.5014008611440656,
  "sentiment_variability": 0.3637820845372331,
  "sentiment_entropy": 0.924041472618797
}