{
  "file_id": "4344338",
  "num_chunks": 21,
  "sentiment_negative": 0.3874359639412403,
  "sentiment_neutral": 0.5874108805905818,
  "sentiment_positive": 0.025153153599989802,
  "sentiment_negative_mean": 0.3952465397636475,
  "sentiment_neutral_mean": 0.5705295189103968,
  "sentiment_positive_mean": 0.034223939646238086,
  "confidence_mean": 0.9372490871520269,
  "confidence_std": 0.10609813921513067,
  "confidence_min": 0.6228619813919067,
  "dominant_sentiment": "neutral",
  "dominant_sentiment_score": 0.5874108805905818,
  "sector": "Conglomerate",
  "sentiment_negative_std": 0.4451848497561655,
  "sentiment_neutral_std": 0.4611388807062736,
  "sentiment_positive_std": 0.088330503196371,
  "sentiment_negative_p05": 1.0027524410816113e-07,
  "sentiment_negative_p25": 6.08459140494233e-06,
  "sentiment_negative_p75": 0.9503232836723328,
  "sentiment_negative_p95": 0.99904865026474,
  "sentiment_neutral_p05": 0.0004152476612944156,
  "sentiment_neutral_p25": 0.029585041105747223,
  "sentiment_neutral_p75": 0.9999936819076538,
  "sentiment_neutral_p95": 0.9999998807907104,
  "sentiment_positive_p05": 1.3287726474686679e-08,
  "sentiment_positive_p25": 1.0290393674949883e-06,
  "sentiment_positive_p75": 0.0006062015891075134,
  "sentiment_positive_p95": 0.18804852664470673,
  "sentiment_variability": 0.3315514112196034,
  "sentiment_entropy": 0.8025614896443732
}