{
  "file_id": "4344866",
  "num_chunks": 26,
  "sentiment_negative": 0.6036981594656864,
  "sentiment_neutral": 0.3776136255137776,
  "sentiment_positive": 0.018688204902547165,
  "sentiment_negative_mean": 0.5846769213598096,
  "sentiment_neutral_mean": 0.38854355762940973,
  "sentiment_positive_mean": 0.02677951179556168,
  "confidence_mean": 0.945976211474492,
  "confidence_std": 0.10275476465664045,
  "confidence_min": 0.628557026386261,
  "dominant_sentiment": "negative",
  "dominant_sentiment_score": 0.6036981594656864,
  "sector": "Utilities",
  "sentiment_negative_std": 0.46007000734426406,
  "sentiment_neutral_std": 0.44482794468822234,
  "sentiment_positive_std": 0.12265658747724058,
  "sentiment_negative_p05": 0.0007757219427730888,
  "sentiment_negative_p25": 0.07275068946182728,
  "sentiment_negative_p75": 0.999780923128128,
  "sentiment_negative_p95": 0.9999153017997742,
  "sentiment_neutral_p05": 1.4679722198707168e-05,
  "sentiment_neutral_p25": 0.00013100089927320369,
  "sentiment_neutral_p75": 0.9055712670087814,
  "sentiment_neutral_p95": 0.9992185980081558,
  "sentiment_positive_p05": 1.2100515959900804e-05,
  "sentiment_positive_p25": 3.7250063542160206e-05,
  "sentiment_positive_p75": 0.0004029445262858644,
  "sentiment_positive_p95": 0.03203986422158778,
  "sentiment_variability": 0.3425181798365757,
  "sentiment_entropy": 0.7780483267893211
}