{
  "file_id": "4346923",
  "num_chunks": 31,
  "sentiment_negative": 0.5402500771762659,
  "sentiment_neutral": 0.4255539045337285,
  "sentiment_positive": 0.03419601109405248,
  "sentiment_negative_mean": 0.5383879889814749,
  "sentiment_neutral_mean": 0.42838516807267063,
  "sentiment_positive_mean": 0.03322683610194175,
  "confidence_mean": 0.9624955135007058,
  "confidence_std": 0.10081782347741951,
  "confidence_min": 0.5489348769187927,
  "dominant_sentiment": "negative",
  "dominant_sentiment_score": 0.5402500771762659,
  "sector": "Industrial Goods",
  "sentiment_negative_std": 0.4728355163152776,
  "sentiment_neutral_std": 0.4682732060037919,
  "sentiment_positive_std": 0.17520710990669655,
  "sentiment_negative_p05": 2.958807033337507e-05,
  "sentiment_negative_p25": 0.0022210637689568102,
  "sentiment_negative_p75": 0.9982551038265228,
  "sentiment_negative_p95": 0.9998652040958405,
  "sentiment_neutral_p05": 1.1169738172611687e-05,
  "sentiment_neutral_p25": 0.000660376128507778,
  "sentiment_neutral_p75": 0.9976463317871094,
  "sentiment_neutral_p95": 0.9999696612358093,
  "sentiment_positive_p05": 8.007109784102795e-07,
  "sentiment_positive_p25": 6.0041020333301276e-05,
  "sentiment_positive_p75": 0.00040066640940494835,
  "sentiment_positive_p95": 0.014508292428217828,
  "sentiment_variability": 0.3721052774085887,
  "sentiment_entropy": 0.8096302285915448
}