{
  "file_id": "4346818",
  "num_chunks": 32,
  "sentiment_negative": 0.5568715680098315,
  "sentiment_neutral": 0.42825939909710004,
  "sentiment_positive": 0.01486902613885624,
  "sentiment_negative_mean": 0.5604707961595943,
  "sentiment_neutral_mean": 0.41908854073714963,
  "sentiment_positive_mean": 0.02044065572527698,
  "confidence_mean": 0.956325700506568,
  "confidence_std": 0.08889697529789604,
  "confidence_min": 0.5708478689193726,
  "dominant_sentiment": "negative",
  "dominant_sentiment_score": 0.5568715680098315,
  "sector": "Industrial Goods",
  "sentiment_negative_std": 0.4636489838500261,
  "sentiment_neutral_std": 0.47005581601413815,
  "sentiment_positive_std": 0.07374390335868626,
  "sentiment_negative_p05": 8.155897717188054e-06,
  "sentiment_negative_p25": 0.0023074003402143717,
  "sentiment_negative_p75": 0.996082529425621,
  "sentiment_negative_p95": 0.9999503195285797,
  "sentiment_neutral_p05": 2.7655553549266187e-05,
  "sentiment_neutral_p25": 0.002541259687859565,
  "sentiment_neutral_p75": 0.9976790398359299,
  "sentiment_neutral_p95": 0.9999848306179047,
  "sentiment_positive_p05": 1.0662705619779445e-06,
  "sentiment_positive_p25": 1.0354875257689855e-05,
  "sentiment_positive_p75": 0.002333030744921416,
  "sentiment_positive_p95": 0.06809867508709427,
  "sentiment_variability": 0.3358162344076168,
  "sentiment_entropy": 0.7684891947523388
}