{
  "file_id": "4359971",
  "num_chunks": 29,
  "sentiment_negative": 0.45252800564989826,
  "sentiment_neutral": 0.49780069069851157,
  "sentiment_positive": 0.04967131415294596,
  "sentiment_negative_mean": 0.45239452040418027,
  "sentiment_neutral_mean": 0.4869776312084312,
  "sentiment_positive_mean": 0.06062785671872903,
  "confidence_mean": 0.8957275203589735,
  "confidence_std": 0.18591500507885,
  "confidence_min": 0.41418835520744324,
  "dominant_sentiment": "neutral",
  "dominant_sentiment_score": 0.49780069069851157,
  "sector": "Industrial Goods",
  "sentiment_negative_std": 0.4416128049249853,
  "sentiment_neutral_std": 0.4472812001203021,
  "sentiment_positive_std": 0.17843586856737062,
  "sentiment_negative_p05": 1.359838297503302e-05,
  "sentiment_negative_p25": 0.0006519286544062197,
  "sentiment_negative_p75": 0.9951621890068054,
  "sentiment_negative_p95": 0.9996339321136475,
  "sentiment_neutral_p05": 4.426242085173726e-05,
  "sentiment_neutral_p25": 0.0020271441899240017,
  "sentiment_neutral_p75": 0.9987554550170898,
  "sentiment_neutral_p95": 0.9999854087829589,
  "sentiment_positive_p05": 1.0196622270086665e-06,
  "sentiment_positive_p25": 2.5362338419654407e-05,
  "sentiment_positive_p75": 0.02221485786139965,
  "sentiment_positive_p95": 0.3381483852863308,
  "sentiment_variability": 0.35577662453755265,
  "sentiment_entropy": 0.8791780255593693
}