{
  "file_id": "4360366",
  "num_chunks": 29,
  "sentiment_negative": 0.525142745004321,
  "sentiment_neutral": 0.44599872869581764,
  "sentiment_positive": 0.02885855322404791,
  "sentiment_negative_mean": 0.5312284020942829,
  "sentiment_neutral_mean": 0.4316741754736509,
  "sentiment_positive_mean": 0.03709744973515205,
  "confidence_mean": 0.9284461438655853,
  "confidence_std": 0.12891314170279816,
  "confidence_min": 0.48222342133522034,
  "dominant_sentiment": "negative",
  "dominant_sentiment_score": 0.525142745004321,
  "sector": "Financial",
  "sentiment_negative_std": 0.44689029624324506,
  "sentiment_neutral_std": 0.4574903123812961,
  "sentiment_positive_std": 0.1325009884706962,
  "sentiment_negative_p05": 1.95004201231086e-08,
  "sentiment_negative_p25": 4.651487870432902e-06,
  "sentiment_negative_p75": 0.9856312274932861,
  "sentiment_negative_p95": 0.999874496459961,
  "sentiment_neutral_p05": 1.7577845574123786e-05,
  "sentiment_neutral_p25": 0.000922685896512121,
  "sentiment_neutral_p75": 0.9999949932098389,
  "sentiment_neutral_p95": 0.9999999046325684,
  "sentiment_positive_p05": 4.228328265298842e-08,
  "sentiment_positive_p25": 5.469283905767952e-07,
  "sentiment_positive_p75": 0.003919252194464207,
  "sentiment_positive_p95": 0.13169230222702025,
  "sentiment_variability": 0.3456271990317458,
  "sentiment_entropy": 0.8208848845797087
}