{
  "file_id": "4360674",
  "num_chunks": 28,
  "sentiment_negative": 0.35328802314057506,
  "sentiment_neutral": 0.6465786005544004,
  "sentiment_positive": 0.00013337755783785025,
  "sentiment_negative_mean": 0.35980043812561896,
  "sentiment_neutral_mean": 0.6400603452901318,
  "sentiment_positive_mean": 0.0001392174320489849,
  "confidence_mean": 0.9632897653750011,
  "confidence_std": 0.07967055840580231,
  "confidence_min": 0.6920526623725891,
  "dominant_sentiment": "neutral",
  "dominant_sentiment_score": 0.6465786005544004,
  "sector": "Utilities",
  "sentiment_negative_std": 0.44870983034037193,
  "sentiment_neutral_std": 0.4488587014386554,
  "sentiment_positive_std": 0.00030191892742459353,
  "sentiment_negative_p05": 1.7520753292643576e-08,
  "sentiment_negative_p25": 3.789280427213271e-07,
  "sentiment_negative_p75": 0.9415369182825089,
  "sentiment_negative_p95": 0.9996988117694855,
  "sentiment_neutral_p05": 4.589652489812579e-05,
  "sentiment_neutral_p25": 0.05826526414602995,
  "sentiment_neutral_p75": 0.9999995529651642,
  "sentiment_neutral_p95": 1.0,
  "sentiment_positive_p05": 7.837228044316192e-09,
  "sentiment_positive_p25": 3.718278929198959e-08,
  "sentiment_positive_p75": 0.0001546462153783068,
  "sentiment_positive_p95": 0.0006853986313217313,
  "sentiment_variability": 0.299290150235484,
  "sentiment_entropy": 0.6546165794008407
}