{
  "file_id": "4360717",
  "num_chunks": 39,
  "sentiment_negative": 0.6542116968330498,
  "sentiment_neutral": 0.2913876447338551,
  "sentiment_positive": 0.05440066721492686,
  "sentiment_negative_mean": 0.6377653046109071,
  "sentiment_neutral_mean": 0.3040996296290126,
  "sentiment_positive_mean": 0.058135073532266456,
  "confidence_mean": 0.9361608456342648,
  "confidence_std": 0.11569496474779076,
  "confidence_min": 0.5084265470504761,
  "dominant_sentiment": "negative",
  "dominant_sentiment_score": 0.6542116968330498,
  "sector": "Consumer Goods",
  "sentiment_negative_std": 0.436884668687604,
  "sentiment_neutral_std": 0.41369695696550723,
  "sentiment_positive_std": 0.20443834852944637,
  "sentiment_negative_p05": 0.00039123190799728036,
  "sentiment_negative_p25": 0.10679775848984718,
  "sentiment_negative_p75": 0.9978244602680206,
  "sentiment_negative_p95": 0.9999447703361511,
  "sentiment_neutral_p05": 9.091512492886978e-06,
  "sentiment_neutral_p25": 0.0006377525278367102,
  "sentiment_neutral_p75": 0.7030785381793976,
  "sentiment_neutral_p95": 0.9994876444339752,
  "sentiment_positive_p05": 1.3929177112004255e-05,
  "sentiment_positive_p25": 3.974155697505921e-05,
  "sentiment_positive_p75": 0.0033827745355665684,
  "sentiment_positive_p95": 0.37448698282241905,
  "sentiment_variability": 0.3516733247275192,
  "sentiment_entropy": 0.8142508672579447
}