{
  "file_id": "4361631",
  "num_chunks": 26,
  "sentiment_negative": 0.9006848739759947,
  "sentiment_neutral": 0.08879177031293313,
  "sentiment_positive": 0.010523349731940714,
  "sentiment_negative_mean": 0.8872137280872826,
  "sentiment_neutral_mean": 0.09961634037710627,
  "sentiment_positive_mean": 0.01316992604399467,
  "confidence_mean": 0.9539596025760357,
  "confidence_std": 0.11012179425563937,
  "confidence_min": 0.5901630520820618,
  "dominant_sentiment": "negative",
  "dominant_sentiment_score": 0.9006848739759947,
  "sector": "Utilities",
  "sentiment_negative_std": 0.2614664997590037,
  "sentiment_neutral_std": 0.25845223361587955,
  "sentiment_positive_std": 0.043707504483509824,
  "sentiment_negative_p05": 0.24523652717471123,
  "sentiment_negative_p25": 0.9834158569574356,
  "sentiment_negative_p75": 0.9999464750289917,
  "sentiment_negative_p95": 0.9999881088733673,
  "sentiment_neutral_p05": 1.2363723840280727e-06,
  "sentiment_neutral_p25": 4.937865355714166e-06,
  "sentiment_neutral_p75": 0.000272819452220574,
  "sentiment_neutral_p95": 0.7506951987743378,
  "sentiment_positive_p05": 6.71647592298541e-06,
  "sentiment_positive_p25": 1.5043099665490445e-05,
  "sentiment_positive_p75": 0.0013210007164161652,
  "sentiment_positive_p95": 0.06811963301151991,
  "sentiment_variability": 0.18787541261946436,
  "sentiment_entropy": 0.39295372795753986
}