{
  "file_id": "4363614",
  "num_chunks": 41,
  "sentiment_negative": 0.7755583657143036,
  "sentiment_neutral": 0.17763416224851789,
  "sentiment_positive": 0.04680747377147943,
  "sentiment_negative_mean": 0.7720515335912718,
  "sentiment_neutral_mean": 0.17609164468602534,
  "sentiment_positive_mean": 0.05185682319320749,
  "confidence_mean": 0.9764877339688743,
  "confidence_std": 0.04599432354133558,
  "confidence_min": 0.8394346237182617,
  "dominant_sentiment": "negative",
  "dominant_sentiment_score": 0.7755583657143036,
  "sector": "Financial",
  "sentiment_negative_std": 0.3941144225694674,
  "sentiment_neutral_std": 0.3702314836367499,
  "sentiment_positive_std": 0.18967114581822606,
  "sentiment_negative_p05": 0.000418471812736243,
  "sentiment_negative_p25": 0.840390145778656,
  "sentiment_negative_p75": 0.9994028806686401,
  "sentiment_negative_p95": 0.9999079704284668,
  "sentiment_neutral_p05": 1.1666574209812097e-05,
  "sentiment_neutral_p25": 9.932975808624178e-05,
  "sentiment_neutral_p75": 0.0019407531945034862,
  "sentiment_neutral_p95": 0.9994162321090698,
  "sentiment_positive_p05": 1.1541394087544177e-05,
  "sentiment_positive_p25": 0.0001058159614331089,
  "sentiment_positive_p75": 0.005559239536523819,
  "sentiment_positive_p95": 0.1604202538728714,
  "sentiment_variability": 0.31800568400814777,
  "sentiment_entropy": 0.659018368914245
}