{
  "file_id": "4364366",
  "num_chunks": 23,
  "sentiment_negative": 0.4981187644847054,
  "sentiment_neutral": 0.4693695474598448,
  "sentiment_positive": 0.032511694174697,
  "sentiment_negative_mean": 0.49167594119144,
  "sentiment_neutral_mean": 0.46809945572872297,
  "sentiment_positive_mean": 0.040224609221622354,
  "confidence_mean": 0.9605673681134763,
  "confidence_std": 0.07896293926361184,
  "confidence_min": 0.6848384141921997,
  "dominant_sentiment": "negative",
  "dominant_sentiment_score": 0.4981187644847054,
  "sector": "Basic Materials",
  "sentiment_negative_std": 0.47120994929980226,
  "sentiment_neutral_std": 0.4734571085859447,
  "sentiment_positive_std": 0.15880323746473848,
  "sentiment_negative_p05": 8.724399913262461e-06,
  "sentiment_negative_p25": 0.003269207663834095,
  "sentiment_negative_p75": 0.9985819458961487,
  "sentiment_negative_p95": 0.999885904788971,
  "sentiment_neutral_p05": 2.4123927323671525e-05,
  "sentiment_neutral_p25": 0.00016216802032431588,
  "sentiment_neutral_p75": 0.996713787317276,
  "sentiment_neutral_p95": 0.9999911427497864,
  "sentiment_positive_p05": 1.4295950663267835e-07,
  "sentiment_positive_p25": 6.113901235949015e-06,
  "sentiment_positive_p75": 0.0011902647092938423,
  "sentiment_positive_p95": 0.09594563618302335,
  "sentiment_variability": 0.3678234317834952,
  "sentiment_entropy": 0.8336333149585023
}