{
  "file_id": "4365948",
  "num_chunks": 20,
  "sentiment_negative": 0.41589483211264733,
  "sentiment_neutral": 0.4983943208574426,
  "sentiment_positive": 0.08571084733602981,
  "sentiment_negative_mean": 0.4241325426822131,
  "sentiment_neutral_mean": 0.4751692638892564,
  "sentiment_positive_mean": 0.10069819451247501,
  "confidence_mean": 0.9308911442756653,
  "confidence_std": 0.14808732968722924,
  "confidence_min": 0.5442785620689392,
  "dominant_sentiment": "neutral",
  "dominant_sentiment_score": 0.4983943208574426,
  "sector": "Basic Materials",
  "sentiment_negative_std": 0.4504876601064788,
  "sentiment_neutral_std": 0.4830363278867375,
  "sentiment_positive_std": 0.2506613469684026,
  "sentiment_negative_p05": 1.3632167396693263e-06,
  "sentiment_negative_p25": 7.860143250582041e-05,
  "sentiment_negative_p75": 0.982494130730629,
  "sentiment_negative_p95": 0.9996382176876069,
  "sentiment_neutral_p05": 0.00025041476474143567,
  "sentiment_neutral_p25": 0.00296114623779431,
  "sentiment_neutral_p75": 0.9999183714389801,
  "sentiment_neutral_p95": 0.9999985277652741,
  "sentiment_positive_p05": 1.5497699057398506e-07,
  "sentiment_positive_p25": 9.768558584255516e-06,
  "sentiment_positive_p75": 0.0010353395628044382,
  "sentiment_positive_p95": 0.6102575778961185,
  "sentiment_variability": 0.3947284449872062,
  "sentiment_entropy": 0.9485138879279083
}