{
  "file_id": "4368670",
  "num_chunks": 33,
  "sentiment_negative": 0.8711236852799367,
  "sentiment_neutral": 0.12045696587534757,
  "sentiment_positive": 0.00841935567077067,
  "sentiment_negative_mean": 0.8655986971908313,
  "sentiment_neutral_mean": 0.12384800072525402,
  "sentiment_positive_mean": 0.010553309109772526,
  "confidence_mean": 0.9761927868380691,
  "confidence_std": 0.060364627103368936,
  "confidence_min": 0.7247410416603088,
  "dominant_sentiment": "negative",
  "dominant_sentiment_score": 0.8711236852799367,
  "sector": "Utilities",
  "sentiment_negative_std": 0.31103550264912255,
  "sentiment_neutral_std": 0.3116466955693847,
  "sentiment_positive_std": 0.04708161574403916,
  "sentiment_negative_p05": 0.03459705002605915,
  "sentiment_negative_p25": 0.9865887761116028,
  "sentiment_negative_p75": 0.9997559189796448,
  "sentiment_negative_p95": 0.9999766111373901,
  "sentiment_neutral_p05": 5.225381937634666e-06,
  "sentiment_neutral_p25": 2.2399477529688738e-05,
  "sentiment_neutral_p75": 0.002048079390078783,
  "sentiment_neutral_p95": 0.9654014825820922,
  "sentiment_positive_p05": 1.492161732130626e-06,
  "sentiment_positive_p25": 2.997684532601852e-05,
  "sentiment_positive_p75": 0.0006676354096271098,
  "sentiment_positive_p95": 0.020680147968232605,
  "sentiment_variability": 0.22325460465418212,
  "sentiment_entropy": 0.43164801333444863
}