{
  "file_id": "4374910",
  "num_chunks": 15,
  "sentiment_negative": 0.6580315086815672,
  "sentiment_neutral": 0.3407777822380107,
  "sentiment_positive": 0.0011906958347195763,
  "sentiment_negative_mean": 0.6490294070914387,
  "sentiment_neutral_mean": 0.34972915857018355,
  "sentiment_positive_mean": 0.0012414227667856418,
  "confidence_mean": 0.9163333415985108,
  "confidence_std": 0.11094982044553077,
  "confidence_min": 0.685221254825592,
  "dominant_sentiment": "negative",
  "dominant_sentiment_score": 0.6580315086815672,
  "sector": "Financial",
  "sentiment_negative_std": 0.4046165462498141,
  "sentiment_neutral_std": 0.40462914905091796,
  "sentiment_positive_std": 0.001216594899504881,
  "sentiment_negative_p05": 0.02451727287843824,
  "sentiment_negative_p25": 0.20979052037000656,
  "sentiment_negative_p75": 0.9974426329135895,
  "sentiment_negative_p95": 0.9996810853481293,
  "sentiment_neutral_p05": 1.4653288098998019e-05,
  "sentiment_neutral_p25": 0.0009444995375815779,
  "sentiment_neutral_p75": 0.7884895205497742,
  "sentiment_neutral_p95": 0.975461733341217,
  "sentiment_positive_p05": 2.102034031850053e-05,
  "sentiment_positive_p25": 0.0002747454491327517,
  "sentiment_positive_p75": 0.002240415895357728,
  "sentiment_positive_p95": 0.0032012893818318838,
  "sentiment_variability": 0.27015409673341234,
  "sentiment_entropy": 0.6562917660156943
}