{
  "file_id": "4375653",
  "num_chunks": 27,
  "sentiment_negative": 0.4815742853794509,
  "sentiment_neutral": 0.5182018271365088,
  "sentiment_positive": 0.00022390151031717123,
  "sentiment_negative_mean": 0.4852574426327705,
  "sentiment_neutral_mean": 0.5145095193648659,
  "sentiment_positive_mean": 0.00023305276264610578,
  "confidence_mean": 0.95878224240409,
  "confidence_std": 0.09474044247123116,
  "confidence_min": 0.5516422986984253,
  "dominant_sentiment": "neutral",
  "dominant_sentiment_score": 0.5182018271365088,
  "sector": "Healthcare",
  "sentiment_negative_std": 0.4682533951362872,
  "sentiment_neutral_std": 0.46842431913869176,
  "sentiment_positive_std": 0.0005693956519444415,
  "sentiment_negative_p05": 1.30828164515151e-06,
  "sentiment_negative_p25": 0.00020912599575240165,
  "sentiment_negative_p75": 0.9915193319320679,
  "sentiment_negative_p95": 0.9996676683425904,
  "sentiment_neutral_p05": 0.00021098218276165425,
  "sentiment_neutral_p25": 0.008214911911636591,
  "sentiment_neutral_p75": 0.9997902512550354,
  "sentiment_neutral_p95": 0.9999986886978149,
  "sentiment_positive_p05": 3.1067454742128574e-08,
  "sentiment_positive_p25": 6.365470781588556e-07,
  "sentiment_positive_p75": 6.771099288016558e-05,
  "sentiment_positive_p95": 0.000833495840197429,
  "sentiment_variability": 0.31241570330897445,
  "sentiment_entropy": 0.6947399737385456
}