{
  "file_id": "4382825",
  "num_chunks": 32,
  "sentiment_negative": 0.8140605749140065,
  "sentiment_neutral": 0.17812036504317277,
  "sentiment_positive": 0.007819045769978291,
  "sentiment_negative_mean": 0.8083796762778999,
  "sentiment_neutral_mean": 0.18144043864931092,
  "sentiment_positive_mean": 0.010179870529888502,
  "confidence_mean": 0.9750796426087618,
  "confidence_std": 0.07008135709559525,
  "confidence_min": 0.7010970711708069,
  "dominant_sentiment": "negative",
  "dominant_sentiment_score": 0.8140605749140065,
  "sector": "Basic Materials",
  "sentiment_negative_std": 0.36813428362189515,
  "sentiment_neutral_std": 0.36978187244076394,
  "sentiment_positive_std": 0.04943093573211727,
  "sentiment_negative_p05": 7.373772047003513e-06,
  "sentiment_negative_p25": 0.9640424400568008,
  "sentiment_negative_p75": 0.9997414350509644,
  "sentiment_negative_p95": 0.9998692035675049,
  "sentiment_neutral_p05": 5.167165124930762e-06,
  "sentiment_neutral_p25": 4.496469318837626e-05,
  "sentiment_neutral_p75": 0.02738615684211254,
  "sentiment_neutral_p95": 0.9999925851821899,
  "sentiment_positive_p05": 7.710776834812805e-08,
  "sentiment_positive_p25": 3.763923723454354e-05,
  "sentiment_positive_p75": 0.0005978528351988643,
  "sentiment_positive_p95": 0.01325045670382677,
  "sentiment_variability": 0.2624490305982588,
  "sentiment_entropy": 0.5283474437294251
}