{
  "file_id": "4383161",
  "num_chunks": 25,
  "sentiment_negative": 0.35357584525783914,
  "sentiment_neutral": 0.6189821097308904,
  "sentiment_positive": 0.027442052112987707,
  "sentiment_negative_mean": 0.3512238080426474,
  "sentiment_neutral_mean": 0.6128219807641654,
  "sentiment_positive_mean": 0.03595421772302631,
  "confidence_mean": 0.9514443683624267,
  "confidence_std": 0.09399348967501947,
  "confidence_min": 0.6541463732719421,
  "dominant_sentiment": "neutral",
  "dominant_sentiment_score": 0.6189821097308904,
  "sector": "Consumer Goods",
  "sentiment_negative_std": 0.44190290568906754,
  "sentiment_neutral_std": 0.4581159904258559,
  "sentiment_positive_std": 0.13844127720899763,
  "sentiment_negative_p05": 5.866490493389165e-09,
  "sentiment_negative_p25": 3.3362010753990035e-07,
  "sentiment_negative_p75": 0.9549246430397034,
  "sentiment_negative_p95": 0.9994910359382629,
  "sentiment_neutral_p05": 0.00011717576999217277,
  "sentiment_neutral_p25": 0.004473453853279352,
  "sentiment_neutral_p75": 0.9999985694885254,
  "sentiment_neutral_p95": 1.0,
  "sentiment_positive_p05": 1.2943964300404788e-08,
  "sentiment_positive_p25": 1.082780045180698e-06,
  "sentiment_positive_p75": 0.0026141174603253603,
  "sentiment_positive_p95": 0.12980606593191582,
  "sentiment_variability": 0.34615339110797366,
  "sentiment_entropy": 0.7871498033702565
}