{
  "file_id": "4384683",
  "num_chunks": 10,
  "sentiment_negative": 0.7172804207369713,
  "sentiment_neutral": 0.2811897026656166,
  "sentiment_positive": 0.0015298781091053434,
  "sentiment_negative_mean": 0.6933321295790165,
  "sentiment_neutral_mean": 0.30513614617182155,
  "sentiment_positive_mean": 0.0015317233305665924,
  "confidence_mean": 0.906174898147583,
  "confidence_std": 0.17900490180951734,
  "confidence_min": 0.5117097496986389,
  "dominant_sentiment": "negative",
  "dominant_sentiment_score": 0.7172804207369713,
  "sector": "Basic Materials",
  "sentiment_negative_std": 0.39956288055728556,
  "sentiment_neutral_std": 0.4003681881274336,
  "sentiment_positive_std": 0.003084879662926983,
  "sentiment_negative_p05": 0.011017205366749749,
  "sentiment_negative_p25": 0.43626730144023895,
  "sentiment_negative_p75": 0.9990530461072922,
  "sentiment_negative_p95": 0.9998660892248153,
  "sentiment_neutral_p05": 1.2853811051627418e-05,
  "sentiment_neutral_p25": 8.697339126229053e-05,
  "sentiment_neutral_p75": 0.5628514289855957,
  "sentiment_neutral_p95": 0.9889799982309341,
  "sentiment_positive_p05": 4.786974187709348e-07,
  "sentiment_positive_p25": 1.905919054934202e-05,
  "sentiment_positive_p75": 0.0010254892404191196,
  "sentiment_positive_p95": 0.006887357949744901,
  "sentiment_variability": 0.2676719827825487,
  "sentiment_entropy": 0.6260536200776398
}