{
  "file_id": "4384198",
  "num_chunks": 18,
  "sentiment_negative": 0.23631570932358092,
  "sentiment_neutral": 0.7063518126286052,
  "sentiment_positive": 0.05733247271174139,
  "sentiment_negative_mean": 0.24895711579989874,
  "sentiment_neutral_mean": 0.6913535960807672,
  "sentiment_positive_mean": 0.05968928374772537,
  "confidence_mean": 0.9296886556678348,
  "confidence_std": 0.12270252477248146,
  "confidence_min": 0.6080310344696045,
  "dominant_sentiment": "neutral",
  "dominant_sentiment_score": 0.7063518126286052,
  "sector": "Industrial Goods",
  "sentiment_negative_std": 0.3705695424865916,
  "sentiment_neutral_std": 0.41401557001974293,
  "sentiment_positive_std": 0.21027659140003943,
  "sentiment_negative_p05": 3.120318530225319e-08,
  "sentiment_negative_p25": 1.588773285732259e-05,
  "sentiment_negative_p75": 0.36441098153591156,
  "sentiment_negative_p95": 0.9783404201269149,
  "sentiment_neutral_p05": 0.0002884033165173605,
  "sentiment_neutral_p25": 0.30786578357219696,
  "sentiment_neutral_p75": 0.9999818801879883,
  "sentiment_neutral_p95": 0.9999998986721039,
  "sentiment_positive_p05": 3.1583470194718194e-08,
  "sentiment_positive_p25": 4.950270877657204e-07,
  "sentiment_positive_p75": 0.0006404639498214237,
  "sentiment_positive_p95": 0.23850405104458217,
  "sentiment_variability": 0.3316205679687913,
  "sentiment_entropy": 0.7695902189279653
}