{
  "file_id": "4384964",
  "num_chunks": 31,
  "sentiment_negative": 0.9247039846421242,
  "sentiment_neutral": 0.07484499127912474,
  "sentiment_positive": 0.00045103401644441463,
  "sentiment_negative_mean": 0.9147879137946744,
  "sentiment_neutral_mean": 0.0847663042714892,
  "sentiment_positive_mean": 0.000445791966802561,
  "confidence_mean": 0.9806240700906322,
  "confidence_std": 0.06281325040423168,
  "confidence_min": 0.6716119647026062,
  "dominant_sentiment": "negative",
  "dominant_sentiment_score": 0.9247039846421242,
  "sector": "Utilities",
  "sentiment_negative_std": 0.2507980819958443,
  "sentiment_neutral_std": 0.2509239745875853,
  "sentiment_positive_std": 0.0012510815473878284,
  "sentiment_negative_p05": 0.23935605585575104,
  "sentiment_negative_p25": 0.9946248531341553,
  "sentiment_negative_p75": 0.9999483823776245,
  "sentiment_negative_p95": 0.9999762773513794,
  "sentiment_neutral_p05": 1.4668686389995855e-06,
  "sentiment_neutral_p25": 7.174887741712155e-06,
  "sentiment_neutral_p75": 0.00225863722153008,
  "sentiment_neutral_p95": 0.7605612874031067,
  "sentiment_positive_p05": 4.092605024652585e-06,
  "sentiment_positive_p25": 2.4157000552804675e-05,
  "sentiment_positive_p75": 0.00029122031992301345,
  "sentiment_positive_p95": 0.0014331079146359116,
  "sentiment_variability": 0.1676577127102725,
  "sentiment_entropy": 0.29410449930566146
}