{
  "file_id": "4385939",
  "num_chunks": 26,
  "sentiment_negative": 0.5821955018773174,
  "sentiment_neutral": 0.40697076588274683,
  "sentiment_positive": 0.010833724655794096,
  "sentiment_negative_mean": 0.5883911765099583,
  "sentiment_neutral_mean": 0.3983498988982319,
  "sentiment_positive_mean": 0.01325891565735359,
  "confidence_mean": 0.9293914185120509,
  "confidence_std": 0.12622454228158866,
  "confidence_min": 0.505759060382843,
  "dominant_sentiment": "negative",
  "dominant_sentiment_score": 0.5821955018773174,
  "sector": "Consumer Goods",
  "sentiment_negative_std": 0.43875048207057177,
  "sentiment_neutral_std": 0.4467867615508246,
  "sentiment_positive_std": 0.05091617833273595,
  "sentiment_negative_p05": 0.00017844886315288022,
  "sentiment_negative_p25": 0.004866322211455554,
  "sentiment_negative_p75": 0.9852722585201263,
  "sentiment_negative_p95": 0.9987495690584183,
  "sentiment_neutral_p05": 9.139035500993486e-05,
  "sentiment_neutral_p25": 0.005197736551053822,
  "sentiment_neutral_p75": 0.9951252192258835,
  "sentiment_neutral_p95": 0.999819740653038,
  "sentiment_positive_p05": 1.5891974669557385e-06,
  "sentiment_positive_p25": 8.740543194107886e-06,
  "sentiment_positive_p75": 0.001201197737827897,
  "sentiment_positive_p95": 0.040873469319194555,
  "sentiment_variability": 0.31215114065137745,
  "sentiment_entropy": 0.7360315088647926
}