{
  "file_id": "4386541",
  "num_chunks": 8,
  "sentiment_negative": 0.48890816509848434,
  "sentiment_neutral": 0.5109461321886201,
  "sentiment_positive": 0.0001456904631968786,
  "sentiment_negative_mean": 0.4924847930624443,
  "sentiment_neutral_mean": 0.507369984386969,
  "sentiment_positive_mean": 0.0001452103412517003,
  "confidence_mean": 0.9923309311270714,
  "confidence_std": 0.013828966934295294,
  "confidence_min": 0.9573915004730225,
  "dominant_sentiment": "neutral",
  "dominant_sentiment_score": 0.5109461321886201,
  "sector": "Services",
  "sentiment_negative_std": 0.4925003785056664,
  "sentiment_neutral_std": 0.4925835543111437,
  "sentiment_positive_std": 0.0001857803455231099,
  "sentiment_negative_p05": 1.1089275641751329e-06,
  "sentiment_negative_p25": 5.8459912395392166e-05,
  "sentiment_negative_p75": 0.9892896860837936,
  "sentiment_negative_p95": 0.9980144709348678,
  "sentiment_neutral_p05": 0.0016581414623942693,
  "sentiment_neutral_p25": 0.01046899682842195,
  "sentiment_neutral_p75": 0.9999403953552246,
  "sentiment_neutral_p95": 0.999998790025711,
  "sentiment_positive_p05": 9.977777266634291e-08,
  "sentiment_positive_p25": 1.1271870903328818e-06,
  "sentiment_positive_p75": 0.0002121241886925418,
  "sentiment_positive_p95": 0.00045877745287725686,
  "sentiment_variability": 0.32842323772077775,
  "sentiment_entropy": 0.6943641945916815
}