{
  "file_id": "4397829",
  "num_chunks": 32,
  "sentiment_negative": 0.296699840248985,
  "sentiment_neutral": 0.6731826222930583,
  "sentiment_positive": 0.030117542888817645,
  "sentiment_negative_mean": 0.30014265227493475,
  "sentiment_neutral_mean": 0.6666017894376637,
  "sentiment_positive_mean": 0.03325556370286571,
  "confidence_mean": 0.9611377585679293,
  "confidence_std": 0.08234924356444513,
  "confidence_min": 0.5943599939346313,
  "dominant_sentiment": "neutral",
  "dominant_sentiment_score": 0.6731826222930583,
  "sector": "Conglomerate",
  "sentiment_negative_std": 0.42548629280830785,
  "sentiment_neutral_std": 0.44612602516874267,
  "sentiment_positive_std": 0.15045500611271415,
  "sentiment_negative_p05": 2.1329059229913128e-08,
  "sentiment_negative_p25": 3.401333117381e-07,
  "sentiment_negative_p75": 0.8505757600069046,
  "sentiment_negative_p95": 0.9981164962053299,
  "sentiment_neutral_p05": 6.600182477995987e-05,
  "sentiment_neutral_p25": 0.01845981157384813,
  "sentiment_neutral_p75": 0.9999996423721313,
  "sentiment_neutral_p95": 1.0,
  "sentiment_positive_p05": 8.478502167008629e-09,
  "sentiment_positive_p25": 4.338585624097391e-08,
  "sentiment_positive_p75": 0.0006696000345982611,
  "sentiment_positive_p95": 0.07061663269996643,
  "sentiment_variability": 0.34068910802992153,
  "sentiment_entropy": 0.7447559613753962
}