Feature,Baseline Mean,Baseline Std,Baseline Median,Baseline MAD,upgrade Mean,upgrade Percentile,upgrade Cohen's d,downgrade Mean,downgrade Percentile,downgrade Cohen's d
f0_cv,0.48465664195802216,0.40364477320130665,0.5,0.5,1.0,88.09523809523809,1.2767249627804906,0.22308631565236026,38.095238095238095,-0.6480210909982748
jitter_local,0.4482571918626072,0.40795392856751167,0.4138878168534239,0.4138878168534239,1.0,88.09523809523809,1.3524635246798111,0.39435116703881656,47.61904761904761,-0.13213753085569274
pause_frequency,0.5126971779425152,0.38793602248015385,0.5298241534913859,0.4546499602415097,1.0,90.47619047619048,1.2561422343355968,0.753600127840206,69.04761904761905,0.6209862862374813
acoustic_volatility_index,0.4428974887070841,0.39839414923266847,0.3669907748381147,0.3669907748381147,0.208659575558965,38.095238095238095,-0.5879552036576734,0.4664438258513215,41.666666666666664,0.05910311983644604
