f0_mean,f0_std,f0_cv,speech_rate,voice_activity_ratio,pause_ratio,spectral_centroid_mean,spectral_centroid_std,rms_energy,start_time,end_time,segment_id,file_id,segment_type
151.6685609743556,97.64405053153698,0.6437988855715907,2.2321428571428568,0.597444089456869,0.402555910543131,1530.9373435981947,692.2033017716998,0.07277373224496841,0,10,0,4341191,high_variability
140.2157684637088,65.41303148467468,0.46651694172046804,1.953125,0.7731629392971247,0.22683706070287535,1146.918065361878,602.8810891909984,0.05034054443240166,40,50,4,4341191,high_variability
132.4073652247508,52.18677356716742,0.39413799586287807,1.5625,0.5527156549520766,0.44728434504792336,1154.2147049773223,533.0885733495079,0.05801927670836449,80,90,8,4341191,high_variability
127.51771812091901,15.444518600707129,0.12111664816697726,1.6447368421052633,0.7348242811501597,0.26517571884984026,1311.009322473164,656.345800245432,0.05288184434175491,30,40,3,4341191,low_variability
110.23475043180933,11.213202829118877,0.10172112500998774,1.953125,0.5750798722044729,0.4249201277955271,1275.4026841038221,632.1016296722804,0.04770404100418091,70,80,7,4341191,low_variability
115.78091908087043,11.712925898009338,0.10116456140608208,1.5625,0.792332268370607,0.207667731629393,1205.649295264541,664.1283999272355,0.04602717235684395,50,60,5,4341191,low_variability
