f0_mean,f0_std,f0_cv,speech_rate,voice_activity_ratio,pause_ratio,spectral_centroid_mean,spectral_centroid_std,rms_energy,start_time,end_time,segment_id,file_id,segment_type
158.35963962007492,97.01009519706837,0.6125935587489845,2.6041666666666665,0.6996805111821086,0.3003194888178914,1289.3641041386932,522.8105138304372,0.02976274862885475,60,70,6,4346818,high_variability
169.7926979420145,100.46657039825806,0.5917013606354742,2.6041666666666665,0.6230031948881789,0.3769968051118211,1262.398430846479,485.6186075845216,0.029031096026301384,90,100,9,4346818,high_variability
137.48409906277786,69.97254724641517,0.5089501093102001,2.2321428571428568,0.7220447284345048,0.27795527156549515,1291.7715755266543,553.3862077764538,0.032774507999420166,50,60,5,4346818,high_variability
140.22191013039605,33.249909688465785,0.23712349701659188,2.4038461538461537,0.7060702875399361,0.29392971246006394,1414.3893693357386,524.911497522777,0.02515493705868721,70,80,7,4346818,low_variability
120.71657269415955,16.195317037148907,0.1341598479454881,1.953125,0.6932907348242812,0.30670926517571884,1316.6640406587765,444.06256449322996,0.027897018939256668,80,90,8,4346818,low_variability
120.3748113740788,14.55253864808043,0.12089355307778397,3.125,0.6805111821086262,0.31948881789137384,1354.6784377838785,408.00494173896135,0.028548261150717735,40,50,4,4346818,low_variability
