f0_mean,f0_std,f0_cv,speech_rate,voice_activity_ratio,pause_ratio,spectral_centroid_mean,spectral_centroid_std,rms_energy,start_time,end_time,segment_id,file_id,segment_type
199.35186835437113,55.34696593272139,0.2776345483471252,2.0833333333333335,0.6869009584664537,0.3130990415335463,928.785807086392,449.6953756677987,0.033147841691970825,0,10,0,4346923,high_variability
160.0844492560349,43.356810173741174,0.2708371136311774,2.8409090909090913,0.7092651757188498,0.29073482428115016,1042.4229523810739,591.2390566877878,0.026486262679100037,90,100,9,4346923,high_variability
241.24750165866055,56.01264117285215,0.23217915538086714,2.4038461538461537,0.744408945686901,0.25559105431309903,1476.58594025986,545.7463265896209,0.030617928132414818,20,30,2,4346923,high_variability
227.7155568525342,33.3189479143815,0.14631827695443067,1.953125,0.6261980830670927,0.3738019169329073,1588.2436621844304,711.858972024283,0.02182374894618988,10,20,1,4346923,low_variability
229.5401074133935,26.617552403252027,0.11596035526512484,1.953125,0.7124600638977636,0.2875399361022364,1375.0005458890967,602.1553538520783,0.029291076585650444,80,90,8,4346923,low_variability
221.24961270851537,23.302087515373938,0.1053203539211307,2.6041666666666665,0.7699680511182109,0.23003194888178913,1431.2221876378626,548.4649577018821,0.029812725260853767,30,40,3,4346923,low_variability
