f0_mean,f0_std,f0_cv,speech_rate,voice_activity_ratio,pause_ratio,spectral_centroid_mean,spectral_centroid_std,rms_energy,start_time,end_time,segment_id,file_id,segment_type
183.4286692376851,82.1561345380068,0.44789146036680705,2.6041666666666665,0.645367412140575,0.354632587859425,1508.012790609907,653.9743378946132,0.07521083950996399,30,40,3,4359971,high_variability
237.2602009665233,65.74033521313791,0.27708117478334965,1.5625,0.8146964856230032,0.18530351437699677,1019.782006381858,681.5414237981928,0.11858898401260376,20,30,2,4359971,high_variability
241.09695894760736,48.00941974571048,0.19912909708721535,2.6041666666666665,0.7380191693290735,0.2619808306709265,1106.5585858525292,664.4411322368021,0.11437353491783142,10,20,1,4359971,high_variability
108.4275322294953,11.282393090434754,0.10405468849512034,2.2321428571428568,0.6932907348242812,0.30670926517571884,1726.8365517143977,490.14271027875554,0.07214225828647614,40,50,4,4359971,low_variability
111.57217950953768,9.43778542078832,0.08458905671894253,2.6041666666666665,0.6996805111821086,0.3003194888178914,1682.5108153741564,480.1444671951802,0.05970912054181099,70,80,7,4359971,low_variability
107.26839751663435,8.353917308506219,0.07787864368171211,2.2321428571428568,0.6741214057507987,0.3258785942492013,1561.27217995314,446.3731061902546,0.06706132739782333,80,90,8,4359971,low_variability
