f0_mean,f0_std,f0_cv,speech_rate,voice_activity_ratio,pause_ratio,spectral_centroid_mean,spectral_centroid_std,rms_energy,start_time,end_time,segment_id,file_id,segment_type
226.68285888413453,114.37066475292141,0.5045404196679036,1.8382352941176472,0.5271565495207667,0.47284345047923326,1736.6705440759358,866.573088999491,0.023690680041909218,0,10,0,4383161,high_variability
167.34642053302343,80.32394918055911,0.4799860607995994,2.0833333333333335,0.6293929712460063,0.37060702875399365,1456.7228073825681,539.2256017178702,0.01902606710791588,60,70,6,4383161,high_variability
164.8623272936616,53.49592465631809,0.32448847189345015,1.6447368421052633,0.597444089456869,0.402555910543131,1574.5792813774228,613.3563672978329,0.026583930477499962,50,60,5,4383161,high_variability
138.15629159980955,22.174344329783768,0.1605018785102823,1.5625,0.65814696485623,0.34185303514376997,1281.2449343868898,465.5249802906351,0.020704258233308792,70,80,7,4383161,low_variability
136.6310156333685,21.864706688126777,0.16002740363723758,1.8382352941176472,0.6230031948881789,0.3769968051118211,1513.3499481792026,531.8236217108838,0.019323227927088737,80,90,8,4383161,low_variability
225.54882409945697,36.08345441142069,0.15998068070401245,2.0833333333333335,0.6932907348242812,0.30670926517571884,1113.0421587453748,454.43806625986275,0.04244808480143547,30,40,3,4383161,low_variability
