f0_mean,f0_std,f0_cv,speech_rate,voice_activity_ratio,pause_ratio,spectral_centroid_mean,spectral_centroid_std,rms_energy,start_time,end_time,segment_id,file_id,segment_type
113.82075414749966,25.249017502066728,0.22183140228843215,2.0833333333333335,0.7380191693290735,0.2619808306709265,1276.6945835552162,425.77505195894514,0.0473170280456543,50,60,5,4384964,high_variability
114.02200728479299,23.578155447342187,0.20678600569143624,1.7361111111111112,0.6293929712460063,0.37060702875399365,1500.0234308012637,459.21590310215055,0.04118548706173897,20,30,2,4384964,high_variability
105.43923860841785,18.77567706374493,0.17807106075067913,1.6447368421052633,0.7635782747603834,0.23642172523961658,1733.9453045196285,591.2694288504504,0.051759786903858185,10,20,1,4384964,high_variability
117.27933374922094,13.47488938976357,0.11489568501963869,1.6447368421052633,0.7603833865814696,0.23961661341853036,1195.973816396232,410.25373666425276,0.053098130971193314,80,90,8,4384964,low_variability
106.31817307462804,8.653650729069085,0.08139389982740597,2.2321428571428568,0.7827476038338658,0.21725239616613423,1230.195404482304,336.5904338107834,0.05094105005264282,30,40,3,4384964,low_variability
101.58750037612704,5.6152015551399606,0.0552745321456844,1.8382352941176472,0.7635782747603834,0.23642172523961658,1267.0441609482457,442.66048294624005,0.051308128982782364,90,100,9,4384964,low_variability
