f0_mean,f0_std,f0_cv,speech_rate,voice_activity_ratio,pause_ratio,spectral_centroid_mean,spectral_centroid_std,rms_energy,start_time,end_time,segment_id,file_id,segment_type
219.97438772367647,86.6547342494787,0.3939310169069824,2.0833333333333335,0.8115015974440895,0.18849840255591055,1310.4634852391637,670.8574286250678,0.02252991311252117,80,90,8,4385939,high_variability
206.57982781854264,76.90928859366856,0.3722981542090586,2.0833333333333335,0.6837060702875399,0.31629392971246006,1640.9927255470454,845.2701203495684,0.02460990846157074,90,100,9,4385939,high_variability
212.15896515402946,77.20192440675697,0.36388716522399905,2.0833333333333335,0.7571884984025559,0.24281150159744413,1602.3233595889694,810.1725279406488,0.024774879217147827,70,80,7,4385939,high_variability
281.7178370297596,85.94523451040106,0.30507558703612414,2.8409090909090913,0.6293929712460063,0.37060702875399365,1704.6003270108013,1172.5249234180708,0.013158575631678104,0,10,0,4385939,low_variability
185.2395839973983,53.590319816352874,0.28930274329003863,2.2321428571428568,0.7699680511182109,0.23003194888178913,1648.5814732474273,782.5760102143337,0.02822856232523918,40,50,4,4385939,low_variability
216.34468795473796,33.95336703441606,0.15694107100757443,1.8382352941176472,0.7124600638977636,0.2875399361022364,1051.3686325920276,750.014118928948,0.01463442761451006,10,20,1,4385939,low_variability
