f0_mean,f0_std,f0_cv,speech_rate,voice_activity_ratio,pause_ratio,spectral_centroid_mean,spectral_centroid_std,rms_energy,start_time,end_time,segment_id,file_id,segment_type
215.22613738320297,48.51314307197033,0.22540544406832103,1.953125,0.5942492012779552,0.4057507987220448,1352.4768990090968,520.7269970886126,0.06416815519332886,80,90,8,4397829,high_variability
233.10725914139834,47.846390818056385,0.2052548298765492,2.0833333333333335,0.5878594249201278,0.41214057507987223,1269.3740728737287,491.564393749182,0.09617465734481812,30,40,3,4397829,high_variability
233.28803015623274,43.85365066388853,0.1879807148035833,2.0833333333333335,0.6741214057507987,0.3258785942492013,1229.3647203541345,526.9346248562592,0.10419649630784988,50,60,5,4397829,high_variability
97.78649523706149,13.819529465139004,0.14132349698837907,2.2321428571428568,0.6900958466453674,0.3099041533546326,1489.2170733579378,508.97301997188737,0.06189107894897461,10,20,1,4397829,low_variability
108.6896495844189,13.72607051273686,0.12628682275837005,3.125,0.6230031948881789,0.3769968051118211,1603.6062173544155,621.9313718555657,0.042974647134542465,20,30,2,4397829,low_variability
88.32171159270318,1.3301919061621459,0.015060757793014074,2.6041666666666665,0.5079872204472844,0.4920127795527156,1811.061910947652,531.2501521467327,0.03938894346356392,0,10,0,4397829,low_variability
