,sentiment_positive,sentiment_negative,sentiment_neutral,sentiment_variability
f0_cv,0.8757249705182182,-0.6015652365925762,0.5464892361426174,-0.008038554535451062
f0_std,0.7418841474196656,-0.49741250837282286,0.44934991029611654,-0.10505807916298407
jitter_local,0.9827092074686282,-0.7706463459528825,0.719831821012831,-0.0303314399902168
speech_rate,0.934974611365074,-0.7994383156290168,0.7587060243988762,-0.22095224897446475
pause_frequency,0.7826268854667462,-0.35962027814374,0.2899356333209697,0.5886302929573786
acoustic_volatility_index,0.4566405410184761,-0.206748957744759,0.1657359750199628,-0.09304648274037644
