{
  "group_metrics": {
    "affirm": {
      "count": 6,
      "acoustic_features": {
        "f0_cv": 0.5712742976888632,
        "f0_std": 0.6473459133139802,
        "pause_frequency": 0.46485408449800514,
        "jitter_local": 0.3902471277315101
      },
      "semantic_features": {
        "sentiment_positive": 0.3627926163437871,
        "sentiment_negative": 0.5467300784372465,
        "sentiment_neutral": 0.44543695130690103,
        "sentiment_variability": 0.5522162180224831
      },
      "combined_features": {
        "acoustic_semantic_alignment": 0.5899543328213371
      },
      "percentile_rankings": {
        "f0_cv": 54.166666666666664,
        "f0_std": 57.29166666666666,
        "pause_frequency": 42.36111111111111,
        "jitter_local": 42.013888888888886,
        "sentiment_positive": 56.25000000000001,
        "sentiment_negative": 54.86111111111111,
        "sentiment_neutral": 40.97222222222222,
        "sentiment_variability": 50.0,
        "acoustic_semantic_alignment": 50.69444444444445
      },
      "mad_effects": {
        "f0_cv": 0.1470750171479341,
        "f0_std": 0.2963605519406162,
        "pause_frequency": -0.16523159327264303,
        "jitter_local": -0.0494305614362052,
        "sentiment_positive": 0.5369045455077781,
        "sentiment_negative": 0.6480190381981016,
        "sentiment_neutral": -0.6239926141764682,
        "sentiment_variability": -1.7406460059314777,
        "acoustic_semantic_alignment": -0.5204711762514093
      }
    },
    "downgrade": {
      "count": 2,
      "acoustic_features": {
        "f0_cv": 0.2372884737488299,
        "f0_std": 1.0,
        "pause_frequency": 0.507200255680412,
        "jitter_local": 0.3815094136392494
      },
      "semantic_features": {
        "sentiment_positive": 0.0163185538774058,
        "sentiment_negative": 0.698682311506293,
        "sentiment_neutral": 0.3267497743659355,
        "sentiment_variability": 0.4404542543611458
      },
      "combined_features": {
        "acoustic_semantic_alignment": 0.76579465980365
      },
      "percentile_rankings": {
        "f0_cv": 39.58333333333333,
        "f0_std": 87.5,
        "pause_frequency": 43.75,
        "jitter_local": 43.75,
        "sentiment_positive": 22.916666666666664,
        "sentiment_negative": 77.08333333333334,
        "sentiment_neutral": 22.916666666666664,
        "sentiment_variability": 18.75,
        "acoustic_semantic_alignment": 52.083333333333336
      },
      "mad_effects": {
        "f0_cv": -0.5421070916337928,
        "f0_std": 1.0056626114532945,
        "pause_frequency": -0.0716694209971988,
        "jitter_local": -0.07071400822873519,
        "sentiment_positive": -1.182334698305017,
        "sentiment_negative": 1.495513251011682,
        "sentiment_neutral": -1.2849015666146704,
        "sentiment_variability": -2.886943854967488,
        "acoustic_semantic_alignment": 0.23965729287251117
      }
    },
    "upgrade": {
      "count": 2,
      "acoustic_features": {
        "f0_cv": 1.0,
        "f0_std": 1.0,
        "pause_frequency": 1.0,
        "jitter_local": 1.0
      },
      "semantic_features": {
        "sentiment_positive": 0.0968242942261462,
        "sentiment_negative": 0.9221655840413698,
        "sentiment_neutral": 0.0722272080905691,
        "sentiment_variability": 0.2448439364528232
      },
      "combined_features": {
        "acoustic_semantic_alignment": 0.2864939915175951
      },
      "percentile_rankings": {
        "f0_cv": 87.5,
        "f0_std": 87.5,
        "pause_frequency": 87.5,
        "jitter_local": 87.5,
        "sentiment_positive": 31.25,
        "sentiment_negative": 89.58333333333334,
        "sentiment_neutral": 10.416666666666668,
        "sentiment_variability": 10.416666666666668,
        "acoustic_semantic_alignment": 10.416666666666668
      },
      "mad_effects": {
        "f0_cv": 1.0317535347031206,
        "f0_std": 1.0056626114532945,
        "pause_frequency": 1.0171519124998871,
        "jitter_local": 1.4358140547745073,
        "sentiment_positive": -0.7828570947739082,
        "sentiment_negative": 2.741962719431503,
        "sentiment_neutral": -2.702209206618655,
        "sentiment_variability": -4.893240803605742,
        "acoustic_semantic_alignment": -1.8322797279850394
      }
    }
  },
  "effect_sizes": {
    "downgrade_vs_affirm": {
      "f0_cv": -0.8236846782561227,
      "f0_std": 0.9235572144344866,
      "pause_frequency": 0.10770230418610106,
      "jitter_local": -0.022742019613803243,
      "sentiment_positive": -1.1444015836834736,
      "sentiment_negative": 0.45358852163741126,
      "sentiment_neutral": -0.34925206551469307,
      "sentiment_variability": -0.30912187201500857,
      "acoustic_semantic_alignment": 0.46547809132693957
    },
    "upgrade_vs_affirm": {
      "f0_cv": 1.0573346736767002,
      "f0_std": 0.9235572144344866,
      "pause_frequency": 1.3610781462880157,
      "jitter_local": 1.5870297007068874,
      "sentiment_positive": -0.8784916448705254,
      "sentiment_negative": 1.1207024241610701,
      "sentiment_neutral": -1.098216985591837,
      "sentiment_variability": -0.8501594994541695,
      "acoustic_semantic_alignment": -0.8033091321406364
    },
    "downgrade_vs_upgrade": {
      "f0_cv": 0.0,
      "f0_std": 0.0,
      "pause_frequency": 0.0,
      "jitter_local": 0.0,
      "sentiment_positive": 0.0,
      "sentiment_negative": 0.0,
      "sentiment_neutral": 0.0,
      "sentiment_variability": 0.0,
      "acoustic_semantic_alignment": 0.0
    }
  }
}