rating_outcome,count,avg_f0_cv,avg_f0_std,avg_jitter_local,avg_speech_rate,avg_pause_frequency,avg_acoustic_volatility_index,avg_sentiment_positive,avg_sentiment_negative,avg_sentiment_neutral,avg_sentiment_variability,avg_acoustic_semantic_alignment,avg_f0_cv_percentile,avg_f0_std_percentile,avg_jitter_local_percentile,avg_speech_rate_percentile,avg_pause_frequency_percentile,avg_acoustic_volatility_index_percentile,avg_sentiment_positive_percentile,avg_sentiment_negative_percentile,avg_sentiment_neutral_percentile,avg_sentiment_variability_percentile,avg_acoustic_semantic_alignment_percentile
affirm,6,0.7379409643555298,0.7346203781309536,0.3902471277315101,0.633966833241478,0.5400209050101054,0.5947912996967241,0.35758195598585946,0.5605004090893133,0.4311324046971628,0.5562269235731717,0.5872833606620076,72.22222222222221,70.13888888888889,45.833333333333336,68.05555555555556,52.77777777777778,70.83333333333333,56.94444444444445,58.333333333333336,41.666666666666664,54.16666666666668,52.08333333333334
downgrade,2,0.22308631565236026,0.5,0.39435116703881656,0.5771489808976185,0.753600127840206,0.4664438258513215,0.20717563968290087,0.5700991049730422,0.44105115400868966,0.6704118838161695,0.6621393806819293,39.583333333333336,62.5,47.916666666666664,66.66666666666666,72.91666666666666,50.0,50.0,66.66666666666666,37.5,58.33333333333334,50.0
upgrade,2,1.0,1.0,1.0,0.7209192928567063,1.0,0.208659575558965,0.0968242942261462,0.9221655840413698,0.0722272080905691,0.2448439364528232,0.2864939915175951,100.0,100.0,100.0,66.66666666666666,100.0,41.66666666666667,33.33333333333333,91.66666666666666,12.5,12.5,12.5
