{
  "file_id": "4346818",
  "metadata": {
    "sector": "Unknown",
    "duration_s": null,
    "rating_outcome": "affirm",
    "time_gap_days": 317,
    "rating_change_magnitude": 0,
    "communication_pattern": "baseline_stability",
    "nearest_action_agency": "S&P Global",
    "earnings_call_date": 43963
  },
  "acoustic_features": {
    "f0_cv": 0.0,
    "f0_std": 0.03231921188135,
    "jitter_local": 0.0,
    "speech_rate": 0.0,
    "pause_frequency": 0.0,
    "acoustic_volatility_index": 0.2490970983882432
  },
  "semantic_features": {
    "sentiment_positive": 0.1721907485604761,
    "sentiment_negative": 0.4656614154822978,
    "sentiment_neutral": 0.5596367226291498,
    "sentiment_variability": 0.7405556850552606
  },
  "combined_features": {
    "acoustic_semantic_alignment": 0.7834356829059453
  },
  "rating_data": {
    "composite_outcome": "affirm",
    "sp_action": "affirm",
    "moodys_action": "affirm",
    "fitch_action": "affirm",
    "time_gap_days": 317,
    "rating_change_magnitude": 0,
    "agency_count": 3,
    "disagreement_flag": 0,
    "consensus_strength": 1.0,
    "information_content": 0
  },
  "percentile_rankings": {
    "f0_cv": 25.0,
    "f0_std": 29.166666666666668,
    "jitter_local": 25.0,
    "speech_rate": 25.0,
    "pause_frequency": 25.0,
    "acoustic_volatility_index": 45.83333333333333,
    "sentiment_positive": 45.83333333333333,
    "sentiment_negative": 58.333333333333336,
    "sentiment_neutral": 54.166666666666664,
    "sentiment_variability": 58.333333333333336,
    "acoustic_semantic_alignment": 58.333333333333336
  },
  "audio_metadata": {
    "original_sr": 11025,
    "duration_s": 3970.4125,
    "vad_ratio": 0.5680801112796531,
    "peak_amplitude": 0.95,
    "rms_energy": 0.0401743801510107,
    "num_speakers": 15
  },
  "audio_analysis": {
    "high_variability_segments": [
      {
        "f0_mean": 158.35963962007492,
        "f0_std": 97.01009519706837,
        "f0_cv": 0.6125935587489845,
        "speech_rate": 2.6041666666666665,
        "voice_activity_ratio": 0.6996805111821086,
        "pause_ratio": 0.3003194888178914,
        "spectral_centroid_mean": 1289.3641041386932,
        "spectral_centroid_std": 522.8105138304372,
        "rms_energy": 0.02976274862885475,
        "start_time": 60,
        "end_time": 70,
        "segment_id": 6
      },
      {
        "f0_mean": 169.7926979420145,
        "f0_std": 100.46657039825806,
        "f0_cv": 0.5917013606354742,
        "speech_rate": 2.6041666666666665,
        "voice_activity_ratio": 0.6230031948881789,
        "pause_ratio": 0.3769968051118211,
        "spectral_centroid_mean": 1262.398430846479,
        "spectral_centroid_std": 485.6186075845216,
        "rms_energy": 0.029031096026301384,
        "start_time": 90,
        "end_time": 100,
        "segment_id": 9
      },
      {
        "f0_mean": 137.48409906277786,
        "f0_std": 69.97254724641517,
        "f0_cv": 0.5089501093102001,
        "speech_rate": 2.2321428571428568,
        "voice_activity_ratio": 0.7220447284345048,
        "pause_ratio": 0.27795527156549515,
        "spectral_centroid_mean": 1291.7715755266543,
        "spectral_centroid_std": 553.3862077764538,
        "rms_energy": 0.032774507999420166,
        "start_time": 50,
        "end_time": 60,
        "segment_id": 5
      }
    ],
    "low_variability_segments": [
      {
        "f0_mean": 140.22191013039605,
        "f0_std": 33.249909688465785,
        "f0_cv": 0.23712349701659188,
        "speech_rate": 2.4038461538461537,
        "voice_activity_ratio": 0.7060702875399361,
        "pause_ratio": 0.29392971246006394,
        "spectral_centroid_mean": 1414.3893693357386,
        "spectral_centroid_std": 524.911497522777,
        "rms_energy": 0.02515493705868721,
        "start_time": 70,
        "end_time": 80,
        "segment_id": 7
      },
      {
        "f0_mean": 120.71657269415955,
        "f0_std": 16.195317037148907,
        "f0_cv": 0.1341598479454881,
        "speech_rate": 1.953125,
        "voice_activity_ratio": 0.6932907348242812,
        "pause_ratio": 0.30670926517571884,
        "spectral_centroid_mean": 1316.6640406587765,
        "spectral_centroid_std": 444.06256449322996,
        "rms_energy": 0.027897018939256668,
        "start_time": 80,
        "end_time": 90,
        "segment_id": 8
      },
      {
        "f0_mean": 120.3748113740788,
        "f0_std": 14.55253864808043,
        "f0_cv": 0.12089355307778397,
        "speech_rate": 3.125,
        "voice_activity_ratio": 0.6805111821086262,
        "pause_ratio": 0.31948881789137384,
        "spectral_centroid_mean": 1354.6784377838785,
        "spectral_centroid_std": 408.00494173896135,
        "rms_energy": 0.028548261150717735,
        "start_time": 40,
        "end_time": 50,
        "segment_id": 4
      }
    ],
    "num_segments_analyzed": 10
  },
  "insights": [
    "Baseline stability pattern - typical earnings call communication pattern",
    "Rating affirmation followed this earnings call - stable financial outcomes",
    "Highest vocal stress detected at 60-70s (F0 CV: 0.613)"
  ]
}