{
  "file_id": "4385939",
  "metadata": {
    "sector": "Unknown",
    "duration_s": null,
    "rating_outcome": "affirm",
    "time_gap_days": 606,
    "rating_change_magnitude": 0,
    "communication_pattern": "moderate_stress",
    "nearest_action_agency": "Moody's",
    "earnings_call_date": 44141
  },
  "acoustic_features": {
    "f0_cv": 0.5235200678201206,
    "f0_std": 1.0,
    "jitter_local": 0.2121548504209576,
    "speech_rate": 0.0,
    "pause_frequency": 1.0,
    "acoustic_volatility_index": 1.0
  },
  "semantic_features": {
    "sentiment_positive": 0.1250369650527224,
    "sentiment_negative": 0.502448697856867,
    "sentiment_neutral": 0.5259258702762629,
    "sentiment_variability": 0.6363366449397003
  },
  "combined_features": {
    "acoustic_semantic_alignment": 0.502448697856867
  },
  "rating_data": {
    "composite_outcome": "affirm",
    "sp_action": "affirm",
    "moodys_action": "affirm",
    "fitch_action": "unrated",
    "time_gap_days": 606,
    "rating_change_magnitude": 0,
    "agency_count": 2,
    "disagreement_flag": 0,
    "consensus_strength": 1.0,
    "information_content": 0
  },
  "percentile_rankings": {
    "f0_cv": 62.5,
    "f0_std": 100.0,
    "jitter_local": 37.5,
    "speech_rate": 25.0,
    "pause_frequency": 100.0,
    "acoustic_volatility_index": 100.0,
    "sentiment_positive": 41.66666666666667,
    "sentiment_negative": 62.5,
    "sentiment_neutral": 41.66666666666667,
    "sentiment_variability": 33.33333333333333,
    "acoustic_semantic_alignment": 41.66666666666667
  },
  "audio_metadata": {
    "original_sr": 24000,
    "duration_s": 3044.6125,
    "vad_ratio": 0.549525585589278,
    "peak_amplitude": 0.95,
    "rms_energy": 0.0655829332099986,
    "num_speakers": 19
  },
  "audio_analysis": {
    "high_variability_segments": [
      {
        "f0_mean": 219.97438772367647,
        "f0_std": 86.6547342494787,
        "f0_cv": 0.3939310169069824,
        "speech_rate": 2.0833333333333335,
        "voice_activity_ratio": 0.8115015974440895,
        "pause_ratio": 0.18849840255591055,
        "spectral_centroid_mean": 1310.4634852391637,
        "spectral_centroid_std": 670.8574286250678,
        "rms_energy": 0.02252991311252117,
        "start_time": 80,
        "end_time": 90,
        "segment_id": 8
      },
      {
        "f0_mean": 206.57982781854264,
        "f0_std": 76.90928859366856,
        "f0_cv": 0.3722981542090586,
        "speech_rate": 2.0833333333333335,
        "voice_activity_ratio": 0.6837060702875399,
        "pause_ratio": 0.31629392971246006,
        "spectral_centroid_mean": 1640.9927255470454,
        "spectral_centroid_std": 845.2701203495684,
        "rms_energy": 0.02460990846157074,
        "start_time": 90,
        "end_time": 100,
        "segment_id": 9
      },
      {
        "f0_mean": 212.15896515402946,
        "f0_std": 77.20192440675697,
        "f0_cv": 0.36388716522399905,
        "speech_rate": 2.0833333333333335,
        "voice_activity_ratio": 0.7571884984025559,
        "pause_ratio": 0.24281150159744413,
        "spectral_centroid_mean": 1602.3233595889694,
        "spectral_centroid_std": 810.1725279406488,
        "rms_energy": 0.024774879217147827,
        "start_time": 70,
        "end_time": 80,
        "segment_id": 7
      }
    ],
    "low_variability_segments": [
      {
        "f0_mean": 281.7178370297596,
        "f0_std": 85.94523451040106,
        "f0_cv": 0.30507558703612414,
        "speech_rate": 2.8409090909090913,
        "voice_activity_ratio": 0.6293929712460063,
        "pause_ratio": 0.37060702875399365,
        "spectral_centroid_mean": 1704.6003270108013,
        "spectral_centroid_std": 1172.5249234180708,
        "rms_energy": 0.013158575631678104,
        "start_time": 0,
        "end_time": 10,
        "segment_id": 0
      },
      {
        "f0_mean": 185.2395839973983,
        "f0_std": 53.590319816352874,
        "f0_cv": 0.28930274329003863,
        "speech_rate": 2.2321428571428568,
        "voice_activity_ratio": 0.7699680511182109,
        "pause_ratio": 0.23003194888178913,
        "spectral_centroid_mean": 1648.5814732474273,
        "spectral_centroid_std": 782.5760102143337,
        "rms_energy": 0.02822856232523918,
        "start_time": 40,
        "end_time": 50,
        "segment_id": 4
      },
      {
        "f0_mean": 216.34468795473796,
        "f0_std": 33.95336703441606,
        "f0_cv": 0.15694107100757443,
        "speech_rate": 1.8382352941176472,
        "voice_activity_ratio": 0.7124600638977636,
        "pause_ratio": 0.2875399361022364,
        "spectral_centroid_mean": 1051.3686325920276,
        "spectral_centroid_std": 750.014118928948,
        "rms_energy": 0.01463442761451006,
        "start_time": 10,
        "end_time": 20,
        "segment_id": 1
      }
    ],
    "num_segments_analyzed": 10
  },
  "insights": [
    "Very high acoustic volatility (top 0.0%) indicates potential executive stress",
    "Moderate stress pattern detected - some stress indicators present",
    "Rating affirmation followed this earnings call - stable financial outcomes",
    "Highest vocal stress detected at 80-90s (F0 CV: 0.394)"
  ]
}