,f0_cv,f0_std,pause_frequency,jitter_local
f0_cv,1.0,0.5423976778339112,0.6474988821750182,0.5937646849134338
f0_std,0.5423976778339112,1.0,0.25925831612536504,0.1792268345322886
pause_frequency,0.6474988821750182,0.25925831612536504,1.0,0.33409676545107203
jitter_local,0.5937646849134338,0.1792268345322886,0.33409676545107203,1.0
