,f0_cv,f0_std,jitter_local,speech_rate,pause_frequency,acoustic_volatility_index
f0_cv,1.0,0.5423976778339112,0.5937646849134338,0.22574457291338715,0.6474988821750182,-0.008938978844966113
f0_std,0.5423976778339112,1.0,0.1792268345322886,0.30101723925049756,0.25925831612536504,0.5100187842731668
jitter_local,0.5937646849134338,0.1792268345322886,1.0,0.3043809683334563,0.33409676545107203,0.005926683435635121
speech_rate,0.22574457291338715,0.30101723925049756,0.3043809683334563,1.0,0.13908944353266864,0.11959789453421571
pause_frequency,0.6474988821750182,0.25925831612536504,0.33409676545107203,0.13908944353266864,1.0,-0.3300512635873016
acoustic_volatility_index,-0.008938978844966113,0.5100187842731668,0.005926683435635121,0.11959789453421571,-0.3300512635873016,1.0
