,f0_cv,f0_std,jitter_local,speech_rate,pause_frequency,acoustic_volatility_index
f0_cv,0.0,0.03088336062246644,0.01666078987222352,0.4332747162725064,0.009377887097236264,0.9780730202434658
f0_std,0.03088336062246644,0.0,0.548244614863044,0.2866916003328713,0.36866277555540955,0.04084752205959914
jitter_local,0.01666078987222352,0.548244614863044,0.0,0.2866916003328713,0.2866916003328713,0.9780730202434658
speech_rate,0.4332747162725064,0.2866916003328713,0.2866916003328713,0.0,0.6460830075739726,0.6666663012314257
pause_frequency,0.009377887097236264,0.36866277555540955,0.2866916003328713,0.6460830075739726,0.0,0.2866916003328713
acoustic_volatility_index,0.9780730202434658,0.04084752205959914,0.9780730202434658,0.6666663012314257,0.2866916003328713,0.0
