feature1,feature2,correlation,p_value,is_significant
f0_cv,pause_frequency,0.6474988821750182,0.009377887097236264,True
pause_frequency,f0_cv,0.6474988821750182,0.009377887097236264,True
f0_cv,jitter_local,0.5937646849134338,0.01666078987222352,True
jitter_local,f0_cv,0.5937646849134338,0.01666078987222352,True
f0_cv,f0_std,0.5423976778339112,0.03088336062246644,True
f0_std,f0_cv,0.5423976778339112,0.03088336062246644,True
f0_std,acoustic_volatility_index,0.5100187842731668,0.04084752205959914,True
acoustic_volatility_index,f0_std,0.5100187842731668,0.04084752205959914,True
