,f0_cv,f0_std,jitter_local,speech_rate,pause_frequency,acoustic_volatility_index
f0_cv,0.0,0.006176672124493288,0.0022214386496298027,0.2888498108483376,0.0006251924731490843,0.966933351656974
f0_std,0.006176672124493288,0.0,0.4020460508995656,0.152902186844198,0.22119766533324572,0.010892672549226438
jitter_local,0.0022214386496298027,0.4020460508995656,0.0,0.14814132041525535,0.11057854485793392,0.9780730202434658
speech_rate,0.2888498108483376,0.152902186844198,0.14814132041525535,0.0,0.5168664060591781,0.5777774610672356
pause_frequency,0.0006251924731490843,0.22119766533324572,0.11057854485793392,0.5168664060591781,0.0,0.11523189245922999
acoustic_volatility_index,0.966933351656974,0.010892672549226438,0.9780730202434658,0.5777774610672356,0.11523189245922999,0.0
