feature1,feature2,correlation,p_value,strength,is_significant
f0_cv,pause_frequency,0.6474988821750182,0.0037511548388945055,strong,True
pause_frequency,f0_cv,0.6474988821750182,0.0037511548388945055,strong,True
f0_cv,jitter_local,0.5937646849134338,0.0066643159488894085,moderate,True
jitter_local,f0_cv,0.5937646849134338,0.0066643159488894085,moderate,True
f0_cv,f0_std,0.5423976778339112,0.012353344248986577,moderate,True
f0_std,f0_cv,0.5423976778339112,0.012353344248986577,moderate,True
