,is_downgrade,is_upgrade,is_affirm
f0_cv,0.7672002295777413,0.6311412979776664,0.9920325206918195
f0_std,0.9920325206918195,0.6311412979776664,0.7672002295777413
pause_frequency,0.7672002295777413,0.6311412979776664,0.6311412979776664
jitter_local,0.9378999805291901,0.6311412979776664,0.8219521992865988
sentiment_positive,0.8219521992865988,0.7672002295777413,0.7672002295777413
sentiment_negative,0.8219521992865988,0.6311412979776664,0.6311412979776664
sentiment_neutral,0.82312340458183,0.6311412979776664,0.6311412979776664
sentiment_variability,0.9481842615158672,0.6311412979776664,0.7672002295777413
acoustic_semantic_alignment,0.9481842615158672,0.6311412979776664,0.8219521992865988
