,sentiment_positive,sentiment_negative,sentiment_neutral,sentiment_variability
sentiment_positive,1.0,-0.3788643887209828,0.25947540889340204,0.6441410952861558
sentiment_negative,-0.3788643887209828,1.0,-0.9920611908973249,-0.7462032324791784
sentiment_neutral,0.25947540889340204,-0.9920611908973249,1.0,0.6911657816227011
sentiment_variability,0.6441410952861558,-0.7462032324791784,0.6911657816227011,1.0
